Title	Year	Runtime	IMDB_Rating	Votes	Budget_Cr	Revenue_Cr	Language	Industry	Keywords	Genre
Movie_1	2005	138	8	310880	209	1538	Hindi	Mollywood	sports, youth	Romance
Movie_2	2023	130	8.2	289389	280	440	Tamil	Bollywood	gangster, violence	Action
Movie_3	2002	158	6.3	56263	194	850	Kannada	Sandalwood	horror, dark	Comedy
Movie_4	2000	96	5.3	486585	110	1739	Tamil	Kollywood	family, emotional	Romance
Movie_5	2013	166	5.7	200623	96	1239	Tamil	Bollywood	friendship, college	Romance
Movie_6	2019	102	5.6	33853	31	483	Malayalam	Tollywood	comedy, fun	Drama
Movie_7	2023	129	8.8	451871	230	587	Tamil	Mollywood	sports, youth	Drama
Movie_8	2020	177	6.5	239483	153	644	Tamil	Bollywood	love, drama	Romance
Movie_9	2008	139	6.5	126608	189	1650	Telugu	Mollywood	friendship, college	Thriller
Movie_10	2008	148	7.1	488386	18	59	Tamil	Tollywood	love, drama	Comedy
Movie_11	2009	180	8.1	174255	15	120	Kannada	Mollywood	gangster, violence	Drama
Movie_12	2000	181	6.2	30190	152	1966	Hindi	Bollywood	friendship, college	Action
Movie_13	2016	145	8.7	233986	184	1785	Malayalam	Mollywood	revenge, action	Drama
Movie_14	2010	106	7.3	420585	19	971	Malayalam	Bollywood	horror, dark	Drama
Movie_15	2017	110	8.8	94701	151	869	Tamil	Tollywood	revenge, action	Romance
Movie_16	2010	172	8.5	82861	152	1231	Tamil	Tollywood	love, drama	Romance
Movie_17	2023	114	8.2	369254	75	1887	Tamil	Mollywood	friendship, college	Comedy
Movie_18	2001	174	7.8	189819	164	389	Tamil	Mollywood	love, drama	Action
Movie_19	2015	112	5.2	282584	84	430	Hindi	Mollywood	mystery, crime	Drama
Movie_20	2009	103	5.4	284019	217	1855	Hindi	Bollywood	revenge, action	Romance
Movie_21	2013	95	7.5	356615	124	1290	Telugu	Tollywood	mystery, crime	Comedy
Movie_22	2015	162	6.1	74191	183	678	Tamil	Tollywood	family, emotional	Romance
Movie_23	2022	131	6.6	348453	98	1706	Kannada	Sandalwood	comedy, fun	Thriller
Movie_24	2011	168	6.9	193621	5	1327	Telugu	Kollywood	mystery, crime	Romance
Movie_25	2016	138	7.7	394522	33	426	Telugu	Mollywood	gangster, violence	Comedy
Movie_26	2016	110	8.8	206166	176	817	Malayalam	Bollywood	horror, dark	Romance
Movie_27	2007	144	7	445762	198	1893	Kannada	Tollywood	mystery, crime	Drama
Movie_28	2012	138	6.3	463259	167	939	Kannada	Kollywood	comedy, fun	Comedy
Movie_29	2006	161	7.9	55747	87	1592	Malayalam	Bollywood	comedy, fun	Action
Movie_30	2011	173	6.6	369778	159	394	Telugu	Bollywood	family, emotional	Comedy
Movie_31	2017	185	8.7	492153	14	43	Kannada	Sandalwood	mystery, crime	Thriller
Movie_32	2011	163	8.9	319513	261	1142	Malayalam	Tollywood	family, emotional	Thriller
Movie_33	2013	149	8.3	432023	279	906	Kannada	Sandalwood	family, emotional	Action
Movie_34	2005	119	5	307163	66	802	Telugu	Tollywood	sports, youth	Thriller
Movie_35	2017	106	5.9	388983	11	756	Hindi	Sandalwood	revenge, action	Action
Movie_36	2021	129	8.6	28466	209	678	Tamil	Bollywood	comedy, fun	Drama
Movie_37	2002	172	7.7	398427	208	156	Telugu	Kollywood	revenge, action	Comedy
Movie_38	2011	150	6.2	118758	36	669	Hindi	Kollywood	mystery, crime	Action
Movie_39	2011	92	8.4	263161	98	1388	Tamil	Bollywood	revenge, action	Comedy
Movie_40	2022	186	6.3	418142	84	1960	Malayalam	Bollywood	gangster, violence	Thriller
Movie_41	2006	110	8.8	100222	191	174	Telugu	Sandalwood	mystery, crime	Romance
Movie_42	2006	145	8.3	104703	205	1064	Telugu	Kollywood	sports, youth	Comedy
Movie_43	2023	148	8.6	343383	68	114	Hindi	Mollywood	gangster, violence	Romance
Movie_44	2013	124	8.2	206783	38	1356	Tamil	Mollywood	gangster, violence	Romance
Movie_45	2010	109	5.8	197081	155	1283	Malayalam	Tollywood	gangster, violence	Drama
Movie_46	2019	119	6.2	283661	205	1091	Hindi	Tollywood	gangster, violence	Thriller
Movie_47	2023	175	5.3	342753	141	674	Hindi	Mollywood	mystery, crime	Romance
Movie_48	2010	172	6.6	280590	72	911	Tamil	Tollywood	gangster, violence	Drama
Movie_49	2019	176	6.9	357652	261	385	Kannada	Bollywood	mystery, crime	Action
Movie_50	2009	180	6.8	296764	159	1749	Hindi	Mollywood	mythology, epic	Drama
Movie_51	2007	138	6.6	212638	250	1308	Telugu	Kollywood	mystery, crime	Action
Movie_52	2023	151	7.5	367162	81	891	Telugu	Tollywood	love, drama	Action
Movie_53	2020	106	7.9	292455	32	1401	Telugu	Kollywood	friendship, college	Romance
Movie_54	2019	90	8.7	153641	230	644	Hindi	Tollywood	horror, dark	Thriller
Movie_55	2016	138	6	92872	101	743	Kannada	Kollywood	love, drama	Action
Movie_56	2014	117	6.9	438309	26	242	Kannada	Kollywood	family, emotional	Action
Movie_57	2015	155	7.1	233698	60	352	Malayalam	Kollywood	gangster, violence	Drama
Movie_58	2021	157	8.7	138781	139	975	Hindi	Kollywood	sports, youth	Comedy
Movie_59	2018	189	7.2	401765	53	580	Malayalam	Mollywood	friendship, college	Action
Movie_60	2001	151	8.7	456790	133	403	Kannada	Tollywood	mystery, crime	Romance
Movie_61	2007	109	5.3	481631	13	445	Malayalam	Bollywood	sports, youth	Thriller
Movie_62	2006	91	7.5	368455	40	444	Hindi	Bollywood	mythology, epic	Drama
Movie_63	2000	165	7.5	58656	102	356	Telugu	Bollywood	love, drama	Comedy
Movie_64	2008	95	6.2	327435	112	908	Tamil	Tollywood	revenge, action	Thriller
Movie_65	2014	174	8.8	69562	267	749	Tamil	Mollywood	friendship, college	Romance
Movie_66	2016	156	8.1	245059	135	1424	Telugu	Kollywood	horror, dark	Drama
Movie_67	2022	130	5.2	30426	8	607	Malayalam	Tollywood	comedy, fun	Thriller
Movie_68	2012	117	5.1	477603	82	1715	Tamil	Kollywood	gangster, violence	Comedy
Movie_69	2017	121	8.6	420185	194	1545	Tamil	Bollywood	mythology, epic	Drama
Movie_70	2022	135	7.8	404414	126	1427	Telugu	Kollywood	horror, dark	Comedy
Movie_71	2014	161	8.1	403162	235	19	Telugu	Kollywood	mythology, epic	Comedy
Movie_72	2002	154	6	101104	288	1734	Telugu	Kollywood	friendship, college	Drama
Movie_73	2004	91	7.1	395335	35	1605	Hindi	Mollywood	friendship, college	Action
Movie_74	2015	93	7.8	122163	142	1829	Tamil	Sandalwood	sports, youth	Comedy
Movie_75	2017	96	5	113512	259	852	Tamil	Tollywood	friendship, college	Comedy
Movie_76	2012	120	5.2	238984	249	1122	Malayalam	Mollywood	love, drama	Thriller
Movie_77	2000	165	5.9	402628	144	1066	Malayalam	Mollywood	mythology, epic	Thriller
Movie_78	2022	112	8.4	66409	89	1691	Hindi	Kollywood	mythology, epic	Drama
Movie_79	2003	116	6.1	112543	84	832	Hindi	Kollywood	mystery, crime	Romance
Movie_80	2008	116	7	303196	202	1670	Kannada	Tollywood	love, drama	Drama
Movie_81	2023	97	6.6	183257	166	1263	Telugu	Tollywood	sports, youth	Action
Movie_82	2013	182	7	336860	182	1324	Tamil	Mollywood	sports, youth	Drama
Movie_83	2019	126	6.9	494198	133	1152	Telugu	Mollywood	revenge, action	Action
Movie_84	2012	188	8.7	379275	96	1076	Malayalam	Kollywood	horror, dark	Romance
Movie_85	2001	123	7.6	493390	146	1215	Hindi	Tollywood	love, drama	Romance
Movie_86	2023	172	5.3	315773	19	1409	Hindi	Bollywood	friendship, college	Drama
Movie_87	2008	179	6.2	70667	124	1129	Malayalam	Mollywood	mythology, epic	Thriller
Movie_88	2004	155	5.2	219097	141	1969	Kannada	Bollywood	mythology, epic	Romance
Movie_89	2001	138	5	299107	99	536	Kannada	Sandalwood	sports, youth	Romance
Movie_90	2018	119	8.3	164153	208	1118	Telugu	Kollywood	sports, youth	Romance
Movie_91	2003	113	5.5	480655	214	686	Malayalam	Bollywood	comedy, fun	Thriller
Movie_92	2023	163	5.4	149813	233	1810	Telugu	Sandalwood	comedy, fun	Drama
Movie_93	2016	99	6.9	33773	90	1802	Kannada	Sandalwood	gangster, violence	Comedy
Movie_94	2001	129	5.4	219730	27	1642	Telugu	Tollywood	friendship, college	Action
Movie_95	2005	124	7.5	286230	229	322	Hindi	Kollywood	revenge, action	Action
Movie_96	2012	128	8.8	133019	146	1533	Malayalam	Mollywood	mythology, epic	Comedy
Movie_97	2004	169	6.3	206420	26	1860	Hindi	Sandalwood	comedy, fun	Action
Movie_98	2017	188	5.7	174363	65	49	Telugu	Mollywood	gangster, violence	Action
Movie_99	2004	125	5.4	462965	299	1051	Malayalam	Bollywood	revenge, action	Action
Movie_100	2003	166	7.2	365376	82	1261	Telugu	Mollywood	mystery, crime	Romance
Movie_101	2014	172	7.8	443328	275	401	Kannada	Tollywood	family, emotional	Action
Movie_102	2013	123	5.1	135283	79	1313	Tamil	Mollywood	revenge, action	Thriller
Movie_103	2008	107	8.8	162203	243	1814	Hindi	Tollywood	mystery, crime	Comedy
Movie_104	2012	118	5.3	187419	83	248	Hindi	Kollywood	gangster, violence	Drama
Movie_105	2014	124	6.5	57608	36	904	Tamil	Sandalwood	gangster, violence	Romance
Movie_106	2003	118	5.1	475728	57	1227	Telugu	Sandalwood	comedy, fun	Action
Movie_107	2016	116	5.9	349138	95	1034	Malayalam	Mollywood	gangster, violence	Action
Movie_108	2023	113	6.8	108374	80	1495	Hindi	Tollywood	mythology, epic	Drama
Movie_109	2015	94	6	284453	133	309	Tamil	Bollywood	mythology, epic	Romance
Movie_110	2020	140	8.9	249048	29	1270	Malayalam	Bollywood	mythology, epic	Romance
Movie_111	2005	177	8.5	465220	68	932	Tamil	Tollywood	horror, dark	Romance
Movie_112	2008	128	8.4	24233	166	1202	Malayalam	Mollywood	horror, dark	Romance
Movie_113	2016	184	6.6	73041	194	1526	Hindi	Bollywood	family, emotional	Comedy
Movie_114	2005	138	5.1	437399	289	1710	Telugu	Sandalwood	horror, dark	Drama
Movie_115	2019	139	5.9	401304	152	844	Telugu	Bollywood	gangster, violence	Comedy
Movie_116	2002	133	6.8	284844	294	1958	Malayalam	Tollywood	love, drama	Thriller
Movie_117	2017	140	6.7	241172	198	1239	Tamil	Sandalwood	friendship, college	Thriller
Movie_118	2017	135	8.3	253565	33	779	Kannada	Tollywood	revenge, action	Thriller
Movie_119	2017	123	7.6	194137	18	1853	Hindi	Tollywood	gangster, violence	Action
Movie_120	2014	147	8.7	387506	61	1674	Malayalam	Tollywood	revenge, action	Thriller
Movie_121	2018	130	5.4	237865	272	1599	Telugu	Bollywood	comedy, fun	Action
Movie_122	2012	143	6.4	483685	80	1355	Kannada	Kollywood	mystery, crime	Comedy
Movie_123	2000	95	8.9	168445	184	1825	Tamil	Mollywood	mythology, epic	Thriller
Movie_124	2006	96	6.6	286610	38	1881	Hindi	Tollywood	sports, youth	Drama
Movie_125	2003	130	6.4	175646	241	1845	Telugu	Tollywood	gangster, violence	Comedy
Movie_126	2006	92	8.9	458497	186	461	Malayalam	Kollywood	revenge, action	Comedy
Movie_127	2022	184	8.5	239263	223	1105	Telugu	Mollywood	sports, youth	Romance
Movie_128	2000	99	5.2	165266	105	117	Tamil	Mollywood	sports, youth	Drama
Movie_129	2019	178	5.2	465033	159	1444	Telugu	Tollywood	comedy, fun	Romance
Movie_130	2003	184	5.5	384702	129	1406	Malayalam	Mollywood	mythology, epic	Action
Movie_131	2003	107	6.3	251873	226	96	Tamil	Mollywood	comedy, fun	Drama
Movie_132	2011	92	5.1	390862	179	572	Kannada	Kollywood	gangster, violence	Romance
Movie_133	2019	125	7.5	396521	263	1120	Kannada	Bollywood	friendship, college	Action
Movie_134	2015	130	5.4	374864	82	1947	Malayalam	Mollywood	comedy, fun	Comedy
Movie_135	2013	171	5.1	302826	225	582	Kannada	Kollywood	love, drama	Thriller
Movie_136	2002	152	7.6	161174	224	1160	Malayalam	Tollywood	sports, youth	Comedy
Movie_137	2005	101	7.4	389028	31	596	Hindi	Tollywood	horror, dark	Romance
Movie_138	2012	134	7	291268	183	612	Hindi	Mollywood	revenge, action	Action
Movie_139	2018	118	5.9	258862	264	951	Tamil	Sandalwood	comedy, fun	Comedy
Movie_140	2022	163	8.9	50642	161	970	Malayalam	Kollywood	comedy, fun	Romance
Movie_141	2002	158	7.1	447292	31	1232	Kannada	Kollywood	mystery, crime	Action
Movie_142	2007	136	7.4	256882	206	1487	Tamil	Sandalwood	comedy, fun	Comedy
Movie_143	2003	152	5.8	446563	272	1561	Kannada	Bollywood	mythology, epic	Comedy
Movie_144	2016	113	6.1	442241	227	1366	Kannada	Kollywood	horror, dark	Thriller
Movie_145	2014	185	7.4	474026	118	688	Malayalam	Bollywood	mythology, epic	Romance
Movie_146	2007	183	7.5	60918	12	534	Tamil	Kollywood	sports, youth	Drama
Movie_147	2015	126	7.9	435133	170	960	Malayalam	Sandalwood	horror, dark	Drama
Movie_148	2018	118	6	323530	145	944	Tamil	Tollywood	family, emotional	Drama
Movie_149	2015	139	6	203938	113	1331	Malayalam	Sandalwood	horror, dark	Comedy
Movie_150	2016	165	8.8	160810	201	702	Tamil	Sandalwood	sports, youth	Thriller
Movie_151	2004	116	7.8	401158	153	48	Malayalam	Bollywood	horror, dark	Comedy
Movie_152	2023	106	6.9	280963	80	255	Kannada	Mollywood	mythology, epic	Romance
Movie_153	2002	93	5.9	424877	47	664	Hindi	Kollywood	sports, youth	Action
Movie_154	2022	95	5.9	29296	172	807	Malayalam	Bollywood	comedy, fun	Action
Movie_155	2007	107	5.8	176211	61	74	Telugu	Sandalwood	sports, youth	Thriller
Movie_156	2022	95	5.2	92298	149	317	Telugu	Mollywood	family, emotional	Action
Movie_157	2021	124	6.1	378493	221	1680	Hindi	Bollywood	comedy, fun	Comedy
Movie_158	2009	99	8.5	72039	99	371	Kannada	Mollywood	sports, youth	Drama
Movie_159	2004	149	8.2	401533	162	1324	Tamil	Sandalwood	horror, dark	Thriller
Movie_160	2015	92	6.4	265513	177	1581	Telugu	Tollywood	sports, youth	Action
Movie_161	2011	119	6.1	134777	136	813	Kannada	Sandalwood	mystery, crime	Action
Movie_162	2009	145	8.1	172622	230	1265	Hindi	Tollywood	revenge, action	Comedy
Movie_163	2002	120	6.8	387323	9	194	Telugu	Kollywood	horror, dark	Action
Movie_164	2019	138	5.1	415532	183	788	Tamil	Sandalwood	horror, dark	Thriller
Movie_165	2011	146	6.8	144542	247	829	Tamil	Kollywood	mystery, crime	Thriller
Movie_166	2022	177	6.4	178652	32	1766	Tamil	Mollywood	revenge, action	Drama
Movie_167	2014	159	7.2	146273	143	907	Telugu	Mollywood	family, emotional	Thriller
Movie_168	2010	137	6.1	381320	283	192	Kannada	Kollywood	gangster, violence	Drama
Movie_169	2014	155	7.5	134317	102	674	Hindi	Sandalwood	horror, dark	Thriller
Movie_170	2005	157	5.3	34461	235	1325	Tamil	Kollywood	mythology, epic	Drama
Movie_171	2016	109	7.1	97626	59	1732	Tamil	Sandalwood	mystery, crime	Action
Movie_172	2011	157	6.3	388825	69	228	Malayalam	Mollywood	revenge, action	Comedy
Movie_173	2004	171	6.5	306153	253	1785	Tamil	Bollywood	revenge, action	Thriller
Movie_174	2001	136	6.9	59774	286	293	Telugu	Kollywood	revenge, action	Romance
Movie_175	2016	122	8.3	391173	171	318	Telugu	Bollywood	love, drama	Thriller
Movie_176	2010	114	6.4	162482	31	46	Hindi	Bollywood	revenge, action	Thriller
Movie_177	2009	184	7.1	188254	173	1977	Malayalam	Sandalwood	mythology, epic	Comedy
Movie_178	2010	120	5.5	287167	224	1408	Kannada	Mollywood	love, drama	Romance
Movie_179	2000	177	5.4	228914	81	1165	Hindi	Kollywood	mythology, epic	Thriller
Movie_180	2021	176	8.3	187043	165	847	Kannada	Kollywood	horror, dark	Action
Movie_181	2012	155	6.1	454497	252	1991	Kannada	Tollywood	gangster, violence	Drama
Movie_182	2016	103	5.5	275869	194	1994	Hindi	Kollywood	sports, youth	Drama
Movie_183	2012	115	8.6	104076	35	543	Malayalam	Kollywood	horror, dark	Thriller
Movie_184	2010	167	8.5	46780	152	844	Malayalam	Tollywood	mystery, crime	Action
Movie_185	2000	169	7.2	384590	138	1535	Tamil	Sandalwood	mythology, epic	Thriller
Movie_186	2022	172	6.7	353955	52	643	Kannada	Mollywood	horror, dark	Thriller
Movie_187	2001	138	7.4	45428	230	795	Telugu	Sandalwood	mythology, epic	Action
Movie_188	2006	140	8.3	492850	293	1663	Tamil	Sandalwood	family, emotional	Thriller
Movie_189	2010	136	6.7	258380	265	794	Hindi	Mollywood	love, drama	Thriller
Movie_190	2023	96	6.1	368056	22	1429	Malayalam	Sandalwood	mystery, crime	Action
Movie_191	2023	150	6.2	422067	57	1801	Telugu	Tollywood	comedy, fun	Action
Movie_192	2015	171	6.7	404225	164	1346	Malayalam	Mollywood	horror, dark	Action
Movie_193	2008	165	7.3	365417	190	1686	Malayalam	Bollywood	love, drama	Romance
Movie_194	2013	92	6.4	257051	258	975	Malayalam	Sandalwood	love, drama	Romance
Movie_195	2018	104	8	418280	155	1190	Malayalam	Tollywood	mystery, crime	Romance
Movie_196	2016	176	7.1	332434	276	1100	Tamil	Sandalwood	love, drama	Romance
Movie_197	2021	156	5.9	262302	120	432	Malayalam	Bollywood	friendship, college	Romance
Movie_198	2010	173	7.6	194670	41	1640	Kannada	Mollywood	gangster, violence	Thriller
Movie_199	2022	178	5.5	132800	236	1823	Hindi	Sandalwood	mythology, epic	Thriller
Movie_200	2013	188	6.9	334002	94	825	Malayalam	Tollywood	mythology, epic	Drama
Movie_201	2007	137	7.8	488853	197	328	Kannada	Mollywood	mythology, epic	Thriller
Movie_202	2006	163	6.7	254758	133	1338	Kannada	Tollywood	love, drama	Romance
Movie_203	2013	133	5.7	151216	48	39	Hindi	Sandalwood	mystery, crime	Romance
Movie_204	2005	149	8.7	282814	70	340	Telugu	Sandalwood	comedy, fun	Action
Movie_205	2023	119	8.9	108799	74	1412	Malayalam	Tollywood	revenge, action	Comedy
Movie_206	2018	109	7.7	330989	268	1900	Tamil	Mollywood	friendship, college	Action
Movie_207	2022	147	5.2	52538	296	1757	Tamil	Tollywood	mythology, epic	Romance
Movie_208	2003	126	8.4	179021	170	1048	Malayalam	Mollywood	mythology, epic	Romance
Movie_209	2022	123	6.8	130757	159	720	Tamil	Sandalwood	mythology, epic	Romance
Movie_210	2014	94	7	346738	159	1291	Tamil	Mollywood	horror, dark	Action
Movie_211	2010	130	6	30510	46	1528	Telugu	Sandalwood	comedy, fun	Thriller
Movie_212	2014	93	5.1	352159	59	1359	Telugu	Tollywood	sports, youth	Thriller
Movie_213	2015	102	7.1	109198	175	1592	Telugu	Sandalwood	horror, dark	Romance
Movie_214	2007	118	8.6	145820	118	1412	Hindi	Sandalwood	mythology, epic	Comedy
Movie_215	2013	185	7	255112	14	648	Tamil	Mollywood	love, drama	Romance
Movie_216	2007	135	8.4	238021	196	1168	Hindi	Kollywood	family, emotional	Thriller
Movie_217	2009	146	7.6	215049	262	1653	Hindi	Tollywood	horror, dark	Comedy
Movie_218	2009	95	8.3	205072	208	1394	Hindi	Bollywood	mythology, epic	Thriller
Movie_219	2009	177	8.4	291047	22	543	Telugu	Bollywood	revenge, action	Action
Movie_220	2001	157	5.8	124290	30	272	Kannada	Tollywood	gangster, violence	Comedy
Movie_221	2018	96	8.7	245026	19	1668	Tamil	Kollywood	revenge, action	Romance
Movie_222	2005	179	5.7	256885	220	1293	Tamil	Tollywood	gangster, violence	Thriller
Movie_223	2019	123	7.2	281881	126	268	Malayalam	Sandalwood	revenge, action	Thriller
Movie_224	2013	94	7.4	365861	27	1091	Hindi	Sandalwood	revenge, action	Action
Movie_225	2017	177	6.4	201818	129	1709	Malayalam	Mollywood	horror, dark	Action
Movie_226	2018	184	7.3	429445	229	1280	Telugu	Sandalwood	sports, youth	Action
Movie_227	2021	183	7.8	437888	275	1198	Hindi	Mollywood	mystery, crime	Action
Movie_228	2010	94	8.4	83030	247	366	Tamil	Bollywood	comedy, fun	Romance
Movie_229	2015	126	7.6	492388	13	1881	Hindi	Bollywood	mystery, crime	Comedy
Movie_230	2017	185	7	248541	52	181	Tamil	Mollywood	sports, youth	Comedy
Movie_231	2015	132	5.2	449826	270	1277	Telugu	Mollywood	horror, dark	Drama
Movie_232	2002	174	7.9	32026	75	1646	Malayalam	Tollywood	family, emotional	Comedy
Movie_233	2022	113	6.8	460328	70	1607	Kannada	Tollywood	revenge, action	Romance
Movie_234	2004	181	8.8	98961	235	204	Telugu	Bollywood	gangster, violence	Comedy
Movie_235	2011	97	8.7	191177	241	1311	Tamil	Tollywood	love, drama	Action
Movie_236	2019	122	7.4	82369	228	1543	Kannada	Mollywood	mystery, crime	Romance
Movie_237	2004	169	8.8	218530	178	292	Tamil	Kollywood	friendship, college	Comedy
Movie_238	2020	165	7.9	237569	233	1808	Malayalam	Tollywood	sports, youth	Drama
Movie_239	2011	147	7	190124	54	911	Tamil	Bollywood	mythology, epic	Action
Movie_240	2023	164	6.4	64886	241	1588	Tamil	Sandalwood	friendship, college	Action
Movie_241	2005	125	5.2	480746	78	1159	Tamil	Kollywood	mythology, epic	Romance
Movie_242	2004	107	8.6	66667	151	365	Telugu	Mollywood	mystery, crime	Thriller
Movie_243	2017	174	6.2	323640	196	545	Hindi	Tollywood	comedy, fun	Thriller
Movie_244	2008	112	5.7	82913	218	1803	Kannada	Sandalwood	family, emotional	Action
Movie_245	2023	109	8.7	365204	11	1839	Tamil	Sandalwood	love, drama	Thriller
Movie_246	2000	139	6.7	67685	178	615	Hindi	Sandalwood	mystery, crime	Action
Movie_247	2020	121	6.9	409723	261	1345	Malayalam	Sandalwood	friendship, college	Comedy
Movie_248	2007	183	6.4	213165	78	988	Tamil	Bollywood	mythology, epic	Romance
Movie_249	2012	125	7.7	135717	235	451	Hindi	Sandalwood	comedy, fun	Drama
Movie_250	2022	135	8.9	160824	262	396	Telugu	Tollywood	love, drama	Drama
Movie_251	2021	128	5.5	114746	217	1716	Telugu	Mollywood	sports, youth	Thriller
Movie_252	2020	134	7	119516	271	1012	Telugu	Sandalwood	mystery, crime	Comedy
Movie_253	2012	151	5	123927	39	291	Telugu	Tollywood	friendship, college	Action
Movie_254	2000	140	8.9	255585	114	795	Telugu	Kollywood	comedy, fun	Comedy
Movie_255	2011	119	8.5	115440	239	1189	Malayalam	Mollywood	mystery, crime	Romance
Movie_256	2023	104	7.1	138074	36	1255	Telugu	Tollywood	friendship, college	Thriller
Movie_257	2000	155	7.7	412665	204	1169	Malayalam	Tollywood	comedy, fun	Drama
Movie_258	2018	153	6.4	280091	74	1569	Kannada	Mollywood	sports, youth	Drama
Movie_259	2018	99	5.1	270965	168	722	Kannada	Bollywood	horror, dark	Thriller
Movie_260	2005	107	5.3	330691	5	542	Tamil	Mollywood	horror, dark	Romance
Movie_261	2006	132	8	339049	274	1520	Tamil	Bollywood	comedy, fun	Drama
Movie_262	2007	183	6.8	290419	64	1823	Malayalam	Bollywood	revenge, action	Drama
Movie_263	2009	135	7	435698	111	638	Tamil	Tollywood	friendship, college	Action
Movie_264	2015	124	7	349291	246	1252	Telugu	Kollywood	horror, dark	Drama
Movie_265	2005	128	8	98667	262	1872	Hindi	Tollywood	revenge, action	Drama
Movie_266	2002	114	6.2	246282	23	1482	Telugu	Bollywood	comedy, fun	Comedy
Movie_267	2012	186	7	357907	250	917	Tamil	Sandalwood	sports, youth	Comedy
Movie_268	2009	106	8.3	173768	280	1142	Tamil	Bollywood	revenge, action	Action
Movie_269	2015	171	7.2	101494	230	156	Hindi	Bollywood	gangster, violence	Action
Movie_270	2023	180	6.9	442065	290	667	Malayalam	Tollywood	revenge, action	Comedy
Movie_271	2010	95	7.5	109946	191	1871	Hindi	Sandalwood	family, emotional	Romance
Movie_272	2019	91	5.9	193541	174	1845	Kannada	Sandalwood	horror, dark	Action
Movie_273	2020	151	8.6	191487	182	1317	Tamil	Kollywood	horror, dark	Thriller
Movie_274	2005	146	5.7	284329	121	1529	Malayalam	Mollywood	mystery, crime	Comedy
Movie_275	2017	113	6.4	58073	286	535	Telugu	Bollywood	comedy, fun	Action
Movie_276	2011	128	5.8	75922	213	269	Tamil	Sandalwood	mystery, crime	Drama
Movie_277	2006	147	7.1	382293	90	720	Hindi	Tollywood	comedy, fun	Action
Movie_278	2017	189	7.4	242245	249	1427	Malayalam	Tollywood	mythology, epic	Thriller
Movie_279	2005	151	6.7	173476	29	304	Hindi	Kollywood	horror, dark	Romance
Movie_280	2022	144	7.9	45500	119	473	Malayalam	Mollywood	love, drama	Comedy
Movie_281	2007	161	6.5	391197	23	162	Tamil	Mollywood	comedy, fun	Drama
Movie_282	2013	97	7.1	248648	266	1096	Kannada	Kollywood	horror, dark	Action
Movie_283	2006	104	7	93727	281	484	Malayalam	Tollywood	sports, youth	Comedy
Movie_284	2010	185	7.7	370525	160	1717	Telugu	Mollywood	comedy, fun	Thriller
Movie_285	2012	94	7.1	316506	21	1610	Hindi	Mollywood	family, emotional	Romance
Movie_286	2017	166	7.1	108335	32	1718	Hindi	Mollywood	mystery, crime	Comedy
Movie_287	2011	158	6.1	347813	240	1631	Malayalam	Kollywood	love, drama	Action
Movie_288	2002	99	5.1	338325	133	1273	Tamil	Mollywood	comedy, fun	Thriller
Movie_289	2022	136	5	55508	230	202	Tamil	Tollywood	love, drama	Romance
Movie_290	2011	120	8.2	451538	140	1549	Tamil	Kollywood	sports, youth	Comedy
Movie_291	2007	183	5.5	305273	259	1280	Malayalam	Tollywood	family, emotional	Drama
Movie_292	2009	146	6.7	497038	266	871	Telugu	Bollywood	gangster, violence	Thriller
Movie_293	2004	177	7	408828	113	1087	Hindi	Mollywood	mythology, epic	Action
Movie_294	2007	172	8.9	265503	248	1619	Malayalam	Tollywood	family, emotional	Thriller
Movie_295	2009	189	6.9	261675	36	38	Tamil	Kollywood	revenge, action	Romance
Movie_296	2021	90	7.2	294696	132	1239	Malayalam	Kollywood	mystery, crime	Thriller
Movie_297	2006	155	8.8	473966	196	460	Kannada	Bollywood	horror, dark	Thriller
Movie_298	2005	105	6.6	282455	227	1914	Malayalam	Bollywood	friendship, college	Drama
Movie_299	2011	106	8.8	296005	240	1263	Telugu	Kollywood	mystery, crime	Action
Movie_300	2007	158	6.3	398905	210	1694	Tamil	Kollywood	family, emotional	Comedy
Movie_301	2014	126	8.7	197426	13	273	Kannada	Tollywood	mythology, epic	Comedy
Movie_302	2000	162	8.5	60917	190	1801	Hindi	Tollywood	mystery, crime	Romance
Movie_303	2021	107	5.3	439539	286	1250	Kannada	Bollywood	horror, dark	Comedy
Movie_304	2010	141	7	188000	9	488	Tamil	Tollywood	revenge, action	Romance
Movie_305	2023	152	5.2	346917	76	1228	Malayalam	Sandalwood	friendship, college	Romance
Movie_306	2015	113	6.5	92998	233	668	Malayalam	Bollywood	sports, youth	Thriller
Movie_307	2012	150	8.3	48381	26	914	Hindi	Kollywood	revenge, action	Comedy
Movie_308	2015	152	5.4	411288	148	1700	Kannada	Tollywood	horror, dark	Drama
Movie_309	2020	183	7.3	160138	97	1167	Malayalam	Tollywood	revenge, action	Thriller
Movie_310	2009	153	6.3	309286	201	523	Tamil	Sandalwood	sports, youth	Thriller
Movie_311	2008	168	8	375991	231	172	Malayalam	Bollywood	love, drama	Romance
Movie_312	2007	159	6.1	393334	95	1978	Malayalam	Tollywood	mythology, epic	Drama
Movie_313	2005	166	5.7	284826	178	1491	Kannada	Kollywood	horror, dark	Thriller
Movie_314	2007	139	5.4	188333	237	1536	Telugu	Sandalwood	sports, youth	Romance
Movie_315	2018	182	8.6	161703	201	1447	Tamil	Bollywood	comedy, fun	Action
Movie_316	2010	133	8.6	481978	138	1579	Hindi	Tollywood	mystery, crime	Action
Movie_317	2008	171	7.2	172009	83	268	Tamil	Sandalwood	family, emotional	Thriller
Movie_318	2022	140	7.6	304257	56	878	Hindi	Tollywood	revenge, action	Comedy
Movie_319	2004	98	6.2	231275	152	426	Tamil	Kollywood	mythology, epic	Thriller
Movie_320	2004	174	7.9	189504	275	1898	Hindi	Tollywood	horror, dark	Comedy
Movie_321	2019	173	5.2	83224	55	318	Tamil	Sandalwood	mystery, crime	Drama
Movie_322	2010	115	6.4	374818	269	1006	Telugu	Sandalwood	family, emotional	Action
Movie_323	2012	121	6.6	166124	188	98	Tamil	Sandalwood	mystery, crime	Action
Movie_324	2005	118	5.8	141398	294	1860	Tamil	Bollywood	mythology, epic	Drama
Movie_325	2002	171	7.1	355801	241	1225	Malayalam	Bollywood	horror, dark	Action
Movie_326	2000	117	5.6	474054	141	1116	Hindi	Sandalwood	revenge, action	Drama
Movie_327	2000	91	7.7	123946	8	1987	Telugu	Tollywood	love, drama	Thriller
Movie_328	2013	134	5.4	219396	30	1542	Telugu	Sandalwood	sports, youth	Action
Movie_329	2020	132	8.3	331139	208	1625	Telugu	Sandalwood	mythology, epic	Action
Movie_330	2008	107	5.5	410967	241	1145	Tamil	Sandalwood	sports, youth	Action
Movie_331	2017	162	5.4	104028	130	1633	Telugu	Tollywood	mythology, epic	Action
Movie_332	2020	163	5.5	496764	39	1371	Telugu	Kollywood	sports, youth	Action
Movie_333	2022	172	7.8	196295	272	1713	Telugu	Tollywood	revenge, action	Drama
Movie_334	2009	124	9	312159	73	1729	Hindi	Sandalwood	revenge, action	Comedy
Movie_335	2002	125	5.9	105541	258	759	Telugu	Tollywood	mystery, crime	Action
Movie_336	2011	141	5.3	26954	101	1750	Kannada	Tollywood	friendship, college	Drama
Movie_337	2007	105	6.5	90353	133	1667	Kannada	Tollywood	gangster, violence	Romance
Movie_338	2020	178	5.6	227531	281	144	Telugu	Tollywood	sports, youth	Comedy
Movie_339	2020	170	7.5	290781	75	859	Hindi	Tollywood	mythology, epic	Action
Movie_340	2012	136	6.3	57482	34	1478	Kannada	Kollywood	family, emotional	Thriller
Movie_341	2008	189	6.5	231490	12	201	Malayalam	Mollywood	comedy, fun	Romance
Movie_342	2016	159	6.6	99195	163	1445	Tamil	Bollywood	mythology, epic	Action
Movie_343	2023	99	6.8	120768	192	1749	Hindi	Mollywood	mythology, epic	Action
Movie_344	2011	178	6.6	443099	250	1610	Telugu	Sandalwood	revenge, action	Comedy
Movie_345	2018	174	8.2	268771	28	1027	Hindi	Kollywood	gangster, violence	Drama
Movie_346	2014	142	8.3	170224	285	537	Malayalam	Tollywood	family, emotional	Comedy
Movie_347	2020	179	5.2	317220	185	1675	Kannada	Kollywood	family, emotional	Drama
Movie_348	2020	90	7.1	314978	30	589	Kannada	Sandalwood	gangster, violence	Comedy
Movie_349	2017	99	8.1	304658	54	1015	Kannada	Mollywood	sports, youth	Drama
Movie_350	2007	127	8.2	83794	20	896	Telugu	Mollywood	mythology, epic	Comedy
Movie_351	2022	95	5	214320	93	1272	Tamil	Mollywood	mythology, epic	Comedy
Movie_352	2002	109	5.4	479458	7	1277	Tamil	Kollywood	revenge, action	Drama
Movie_353	2015	148	8.6	200515	47	78	Hindi	Bollywood	mythology, epic	Drama
Movie_354	2005	133	5.3	64318	79	931	Kannada	Bollywood	revenge, action	Action
Movie_355	2019	178	5.5	272956	39	680	Telugu	Bollywood	family, emotional	Comedy
Movie_356	2002	174	5.2	237903	26	839	Tamil	Sandalwood	mythology, epic	Comedy
Movie_357	2014	162	7	178203	106	945	Telugu	Tollywood	sports, youth	Action
Movie_358	2004	103	7.6	71135	228	1082	Malayalam	Sandalwood	family, emotional	Action
Movie_359	2009	147	6.5	355616	299	1978	Hindi	Kollywood	mystery, crime	Action
Movie_360	2017	128	7	223586	112	1992	Kannada	Mollywood	comedy, fun	Drama
Movie_361	2004	143	5.6	162081	115	1728	Malayalam	Tollywood	revenge, action	Action
Movie_362	2007	166	7.4	229876	270	538	Tamil	Bollywood	revenge, action	Romance
Movie_363	2015	118	7.2	481620	83	98	Malayalam	Sandalwood	comedy, fun	Drama
Movie_364	2005	152	5.1	142269	146	715	Kannada	Bollywood	sports, youth	Drama
Movie_365	2016	118	6.5	491628	297	1881	Telugu	Sandalwood	comedy, fun	Romance
Movie_366	2002	141	8.4	202211	68	88	Telugu	Bollywood	gangster, violence	Action
Movie_367	2017	132	8.1	405246	246	1694	Hindi	Mollywood	mythology, epic	Action
Movie_368	2008	116	6	235738	57	1103	Hindi	Kollywood	sports, youth	Romance
Movie_369	2001	160	6.7	124287	136	667	Telugu	Tollywood	gangster, violence	Action
Movie_370	2008	103	5.2	364383	154	855	Hindi	Bollywood	revenge, action	Comedy
Movie_371	2019	180	6.6	396495	95	1797	Kannada	Kollywood	comedy, fun	Romance
Movie_372	2023	125	5.5	342630	98	1117	Malayalam	Sandalwood	horror, dark	Comedy
Movie_373	2022	129	6.6	431979	47	1554	Malayalam	Tollywood	comedy, fun	Drama
Movie_374	2011	132	5.1	120881	144	625	Kannada	Bollywood	friendship, college	Drama
Movie_375	2013	100	7.8	430865	36	303	Tamil	Sandalwood	mythology, epic	Thriller
Movie_376	2021	133	5.2	263059	190	963	Kannada	Sandalwood	love, drama	Thriller
Movie_377	2021	118	8.4	101378	229	780	Malayalam	Bollywood	gangster, violence	Comedy
Movie_378	2022	156	8.6	295938	39	545	Hindi	Tollywood	comedy, fun	Action
Movie_379	2000	152	5.4	171182	81	1115	Telugu	Sandalwood	friendship, college	Action
Movie_380	2016	171	8.1	88720	98	738	Kannada	Bollywood	comedy, fun	Thriller
Movie_381	2021	94	5.3	169348	279	622	Hindi	Tollywood	mythology, epic	Thriller
Movie_382	2000	110	9	286293	294	203	Hindi	Bollywood	sports, youth	Romance
Movie_383	2018	97	6.6	189989	287	791	Malayalam	Bollywood	horror, dark	Comedy
Movie_384	2000	130	7.8	457741	215	1082	Hindi	Tollywood	mythology, epic	Romance
Movie_385	2010	149	7.1	185934	40	1950	Hindi	Tollywood	mythology, epic	Comedy
Movie_386	2017	116	8.9	331539	127	177	Telugu	Tollywood	love, drama	Comedy
Movie_387	2004	186	5.5	344116	221	1985	Malayalam	Mollywood	horror, dark	Drama
Movie_388	2013	110	7.3	50398	89	1689	Malayalam	Sandalwood	revenge, action	Action
Movie_389	2016	90	7.8	479714	228	898	Tamil	Mollywood	mythology, epic	Drama
Movie_390	2005	177	6.7	257696	172	1093	Tamil	Mollywood	mythology, epic	Thriller
Movie_391	2000	168	9	475844	267	1924	Kannada	Tollywood	comedy, fun	Action
Movie_392	2009	179	5.1	193885	179	611	Kannada	Mollywood	revenge, action	Comedy
Movie_393	2009	181	6.6	82050	99	810	Telugu	Kollywood	friendship, college	Comedy
Movie_394	2013	171	6.7	231799	41	1893	Tamil	Tollywood	sports, youth	Romance
Movie_395	2010	158	7.4	248810	78	903	Malayalam	Kollywood	revenge, action	Drama
Movie_396	2014	171	6.8	244113	100	49	Telugu	Bollywood	family, emotional	Comedy
Movie_397	2017	152	8.4	467476	224	451	Hindi	Kollywood	comedy, fun	Romance
Movie_398	2010	147	7.6	219196	215	1092	Malayalam	Bollywood	love, drama	Comedy
Movie_399	2016	139	6.4	30257	93	1362	Tamil	Mollywood	revenge, action	Drama
Movie_400	2001	139	5.5	494465	298	761	Telugu	Mollywood	friendship, college	Comedy
Movie_401	2012	148	6.9	265043	196	618	Telugu	Kollywood	love, drama	Thriller
Movie_402	2000	107	5.2	438869	267	1383	Tamil	Bollywood	family, emotional	Drama
Movie_403	2017	186	5.4	463014	59	686	Tamil	Kollywood	comedy, fun	Thriller
Movie_404	2008	109	7.2	421604	35	853	Hindi	Sandalwood	family, emotional	Drama
Movie_405	2006	139	7.6	280001	47	233	Telugu	Bollywood	horror, dark	Drama
Movie_406	2009	181	7.7	291102	85	1627	Tamil	Sandalwood	revenge, action	Action
Movie_407	2012	143	5.1	374356	30	422	Kannada	Kollywood	love, drama	Drama
Movie_408	2005	95	8.8	303271	234	1111	Tamil	Bollywood	friendship, college	Action
Movie_409	2004	171	8.9	249464	114	1508	Kannada	Sandalwood	friendship, college	Comedy
Movie_410	2023	121	6.3	393812	103	516	Tamil	Sandalwood	love, drama	Thriller
Movie_411	2000	108	5.3	177369	97	538	Kannada	Bollywood	love, drama	Romance
Movie_412	2009	99	7.2	290794	138	1749	Malayalam	Bollywood	gangster, violence	Thriller
Movie_413	2023	170	5.5	312230	252	1150	Kannada	Bollywood	horror, dark	Comedy
Movie_414	2016	115	8.2	182915	282	831	Malayalam	Bollywood	gangster, violence	Drama
Movie_415	2022	162	5.7	181908	132	399	Telugu	Bollywood	mythology, epic	Romance
Movie_416	2000	149	6	391114	132	514	Kannada	Sandalwood	mythology, epic	Comedy
Movie_417	2021	92	8.6	103344	113	567	Telugu	Kollywood	sports, youth	Romance
Movie_418	2015	123	5.8	488450	47	237	Malayalam	Bollywood	horror, dark	Action
Movie_419	2011	155	6.9	250587	90	498	Hindi	Kollywood	mythology, epic	Thriller
Movie_420	2021	137	6	30417	118	903	Malayalam	Tollywood	revenge, action	Thriller
Movie_421	2020	120	5.2	21409	113	1118	Hindi	Mollywood	gangster, violence	Romance
Movie_422	2016	168	6.4	200056	269	1576	Malayalam	Kollywood	gangster, violence	Comedy
Movie_423	2011	106	7.2	48016	242	1941	Telugu	Mollywood	mythology, epic	Drama
Movie_424	2019	112	5.5	167308	93	95	Tamil	Sandalwood	family, emotional	Romance
Movie_425	2003	93	7.6	341749	67	1267	Hindi	Sandalwood	gangster, violence	Thriller
Movie_426	2002	167	8.7	94236	167	1652	Tamil	Tollywood	love, drama	Thriller
Movie_427	2020	142	5.5	432634	117	1982	Hindi	Tollywood	family, emotional	Comedy
Movie_428	2019	101	8.4	211491	229	14	Kannada	Sandalwood	mystery, crime	Action
Movie_429	2018	183	5.2	78006	264	705	Telugu	Bollywood	comedy, fun	Drama
Movie_430	2022	166	8.7	478796	54	304	Kannada	Sandalwood	sports, youth	Thriller
Movie_431	2002	138	7	287597	100	1052	Telugu	Kollywood	love, drama	Drama
Movie_432	2023	163	7.6	241665	7	481	Malayalam	Sandalwood	mythology, epic	Drama
Movie_433	2018	171	8.6	327397	31	229	Malayalam	Mollywood	gangster, violence	Thriller
Movie_434	2018	154	5.6	348576	272	1875	Malayalam	Kollywood	comedy, fun	Thriller
Movie_435	2008	130	8.4	315255	58	1890	Telugu	Bollywood	mystery, crime	Romance
Movie_436	2021	132	5.2	365901	34	503	Hindi	Kollywood	gangster, violence	Drama
Movie_437	2004	117	7.2	75199	233	1714	Kannada	Tollywood	comedy, fun	Thriller
Movie_438	2008	127	6.6	196629	232	546	Kannada	Sandalwood	horror, dark	Action
Movie_439	2015	152	5.2	198825	96	1062	Tamil	Kollywood	mystery, crime	Comedy
Movie_440	2007	97	5.4	464194	172	842	Malayalam	Tollywood	family, emotional	Romance
Movie_441	2006	92	7.4	405987	210	1378	Kannada	Tollywood	gangster, violence	Drama
Movie_442	2021	152	5.8	354870	161	1844	Tamil	Kollywood	sports, youth	Romance
Movie_443	2015	116	7.7	443183	267	1771	Telugu	Sandalwood	mystery, crime	Action
Movie_444	2000	171	7.7	176025	190	945	Kannada	Mollywood	mystery, crime	Thriller
Movie_445	2017	145	5.3	374566	269	923	Malayalam	Tollywood	love, drama	Romance
Movie_446	2013	175	7.8	407957	167	1997	Kannada	Kollywood	sports, youth	Comedy
Movie_447	2009	138	8.2	294204	214	1326	Telugu	Kollywood	friendship, college	Comedy
Movie_448	2021	187	6.3	267112	252	901	Tamil	Bollywood	love, drama	Thriller
Movie_449	2002	108	5.6	338798	245	266	Telugu	Tollywood	gangster, violence	Romance
Movie_450	2001	97	6.5	438232	287	949	Tamil	Mollywood	revenge, action	Romance
Movie_451	2011	165	8.1	397589	113	493	Malayalam	Bollywood	friendship, college	Comedy
Movie_452	2005	132	7.9	220654	18	694	Tamil	Mollywood	horror, dark	Romance
Movie_453	2006	111	7.3	276311	60	684	Tamil	Sandalwood	comedy, fun	Comedy
Movie_454	2014	118	6.2	211497	261	841	Tamil	Sandalwood	revenge, action	Thriller
Movie_455	2016	109	7.3	482649	272	653	Malayalam	Sandalwood	mythology, epic	Romance
Movie_456	2017	147	7.6	84122	149	1787	Malayalam	Mollywood	horror, dark	Comedy
Movie_457	2010	127	8.1	163559	170	1522	Malayalam	Kollywood	mythology, epic	Action
Movie_458	2022	177	8.8	252884	69	168	Malayalam	Sandalwood	revenge, action	Comedy
Movie_459	2014	147	6.3	81763	232	904	Hindi	Tollywood	gangster, violence	Romance
Movie_460	2009	90	7.1	281567	141	149	Malayalam	Tollywood	mystery, crime	Comedy
Movie_461	2014	120	7.3	101755	35	1770	Kannada	Kollywood	friendship, college	Drama
Movie_462	2012	95	5.1	423775	106	600	Hindi	Sandalwood	gangster, violence	Comedy
Movie_463	2014	110	7.1	212827	72	1814	Tamil	Kollywood	love, drama	Drama
Movie_464	2020	96	7.4	474219	287	34	Malayalam	Sandalwood	love, drama	Romance
Movie_465	2003	164	6.8	98966	284	1596	Kannada	Mollywood	love, drama	Comedy
Movie_466	2018	117	7.2	162045	256	1370	Tamil	Kollywood	friendship, college	Action
Movie_467	2015	159	8.4	263174	236	1627	Malayalam	Mollywood	comedy, fun	Comedy
Movie_468	2015	152	5.1	46841	296	748	Telugu	Kollywood	comedy, fun	Comedy
Movie_469	2016	100	6.8	297434	133	549	Hindi	Kollywood	sports, youth	Drama
Movie_470	2003	186	8.3	297595	116	251	Kannada	Kollywood	love, drama	Action
Movie_471	2022	177	8.3	24489	186	1934	Telugu	Mollywood	horror, dark	Comedy
Movie_472	2007	108	6.1	342960	40	1871	Hindi	Tollywood	family, emotional	Action
Movie_473	2015	163	7	491144	22	204	Malayalam	Kollywood	mystery, crime	Drama
Movie_474	2003	126	6.5	264340	151	1852	Kannada	Kollywood	love, drama	Thriller
Movie_475	2016	151	6.7	286516	278	1101	Telugu	Kollywood	gangster, violence	Romance
Movie_476	2001	116	7.8	190802	221	495	Hindi	Sandalwood	horror, dark	Action
Movie_477	2012	181	6.1	69572	86	1051	Kannada	Sandalwood	love, drama	Action
Movie_478	2010	121	6.2	493115	187	101	Tamil	Bollywood	friendship, college	Comedy
Movie_479	2007	94	8.7	390016	68	1448	Tamil	Sandalwood	family, emotional	Comedy
Movie_480	2007	105	5	83879	144	1461	Kannada	Bollywood	mythology, epic	Romance
Movie_481	2010	170	6.1	55009	94	1567	Tamil	Tollywood	mystery, crime	Thriller
Movie_482	2002	126	7.3	178216	246	1205	Hindi	Sandalwood	gangster, violence	Romance
Movie_483	2016	152	6	325977	245	1800	Tamil	Bollywood	mystery, crime	Romance
Movie_484	2023	117	7.4	88792	239	452	Telugu	Tollywood	mythology, epic	Drama
Movie_485	2004	180	5.4	250121	224	722	Kannada	Bollywood	sports, youth	Comedy
Movie_486	2014	125	8	42892	113	684	Tamil	Kollywood	comedy, fun	Comedy
Movie_487	2012	140	6.2	335246	260	802	Tamil	Bollywood	revenge, action	Comedy
Movie_488	2011	168	6.2	351311	22	343	Kannada	Mollywood	horror, dark	Romance
Movie_489	2023	112	7.4	422160	47	694	Telugu	Mollywood	family, emotional	Drama
Movie_490	2022	163	8.6	162604	141	915	Hindi	Mollywood	horror, dark	Drama
Movie_491	2021	133	8.8	363376	31	1317	Tamil	Kollywood	family, emotional	Romance
Movie_492	2018	170	6.1	443138	266	375	Malayalam	Kollywood	horror, dark	Romance
Movie_493	2022	103	6.8	179568	62	271	Kannada	Mollywood	family, emotional	Action
Movie_494	2004	111	7.9	440703	104	516	Tamil	Bollywood	friendship, college	Action
Movie_495	2014	123	7.8	209717	183	939	Kannada	Mollywood	mythology, epic	Thriller
Movie_496	2008	163	7.2	78590	10	191	Kannada	Bollywood	friendship, college	Thriller
Movie_497	2014	107	6	73010	123	1303	Hindi	Bollywood	comedy, fun	Action
Movie_498	2000	142	5.6	302920	45	1482	Kannada	Mollywood	mystery, crime	Thriller
Movie_499	2022	159	7.2	403165	33	1390	Tamil	Bollywood	family, emotional	Drama
Movie_500	2013	159	6.2	101246	33	1078	Kannada	Mollywood	family, emotional	Drama
Movie_501	2013	180	5.7	334653	134	310	Tamil	Sandalwood	gangster, violence	Thriller
Movie_502	2023	164	6.4	303306	219	12	Kannada	Sandalwood	horror, dark	Drama
Movie_503	2007	184	5.8	267444	233	1291	Tamil	Bollywood	family, emotional	Drama
Movie_504	2001	105	7.4	475103	256	146	Kannada	Tollywood	sports, youth	Comedy
Movie_505	2003	143	7.2	487125	38	132	Kannada	Mollywood	revenge, action	Thriller
Movie_506	2015	182	7.9	375150	231	707	Hindi	Sandalwood	horror, dark	Action
Movie_507	2012	189	7.2	326806	208	341	Hindi	Bollywood	mythology, epic	Drama
Movie_508	2001	107	8.9	362634	72	1960	Telugu	Bollywood	gangster, violence	Comedy
Movie_509	2002	104	7.4	166443	35	1596	Kannada	Mollywood	mythology, epic	Drama
Movie_510	2008	156	5.8	355639	36	871	Hindi	Bollywood	gangster, violence	Thriller
Movie_511	2008	156	6.7	326350	21	516	Malayalam	Mollywood	horror, dark	Romance
Movie_512	2022	138	6	234835	265	1248	Kannada	Mollywood	gangster, violence	Thriller
Movie_513	2019	107	7.9	294549	250	1457	Tamil	Tollywood	gangster, violence	Action
Movie_514	2018	173	7	255927	101	1967	Malayalam	Mollywood	family, emotional	Action
Movie_515	2008	117	8.9	77844	141	778	Telugu	Mollywood	family, emotional	Action
Movie_516	2012	179	7.6	415712	237	1474	Telugu	Mollywood	gangster, violence	Romance
Movie_517	2016	156	8.6	451662	171	1406	Malayalam	Bollywood	gangster, violence	Action
Movie_518	2010	98	5.8	427944	141	899	Malayalam	Kollywood	comedy, fun	Comedy
Movie_519	2019	143	5.8	326697	128	197	Telugu	Sandalwood	revenge, action	Action
Movie_520	2016	176	7.9	318545	244	1443	Tamil	Kollywood	friendship, college	Drama
Movie_521	2015	171	8.3	30950	159	1479	Kannada	Kollywood	gangster, violence	Comedy
Movie_522	2013	174	7.8	370650	259	444	Telugu	Bollywood	revenge, action	Thriller
Movie_523	2001	93	7.6	278485	113	1596	Tamil	Sandalwood	friendship, college	Action
Movie_524	2003	148	5	367240	207	1488	Malayalam	Sandalwood	friendship, college	Comedy
Movie_525	2022	133	5.7	392343	39	1432	Malayalam	Mollywood	mythology, epic	Romance
Movie_526	2000	147	5.4	275862	229	1029	Kannada	Tollywood	horror, dark	Drama
Movie_527	2001	115	6.6	434945	62	1198	Tamil	Sandalwood	mystery, crime	Drama
Movie_528	2017	152	8.3	227617	6	1746	Telugu	Tollywood	sports, youth	Comedy
Movie_529	2002	152	7.6	365245	16	966	Hindi	Tollywood	sports, youth	Comedy
Movie_530	2007	125	6	325049	154	1825	Kannada	Mollywood	gangster, violence	Drama
Movie_531	2002	133	5.6	145769	39	1310	Tamil	Sandalwood	horror, dark	Action
Movie_532	2005	130	6.4	366964	158	1989	Telugu	Sandalwood	sports, youth	Romance
Movie_533	2011	176	8.5	129404	113	553	Telugu	Kollywood	comedy, fun	Thriller
Movie_534	2003	175	6.6	105999	209	1643	Hindi	Mollywood	horror, dark	Thriller
Movie_535	2022	106	8.8	232594	221	1930	Kannada	Mollywood	gangster, violence	Romance
Movie_536	2018	181	7.3	46221	107	1155	Hindi	Kollywood	gangster, violence	Action
Movie_537	2008	158	5.7	310917	296	1470	Hindi	Mollywood	gangster, violence	Action
Movie_538	2011	122	6	402801	156	1365	Malayalam	Tollywood	friendship, college	Thriller
Movie_539	2001	178	7.1	84305	83	1595	Telugu	Sandalwood	love, drama	Comedy
Movie_540	2016	107	6.1	456211	201	1809	Hindi	Tollywood	friendship, college	Thriller
Movie_541	2023	158	6.5	93272	156	1256	Telugu	Mollywood	gangster, violence	Drama
Movie_542	2011	159	6.1	293336	124	1287	Kannada	Kollywood	horror, dark	Action
Movie_543	2023	183	5.6	375187	84	919	Malayalam	Kollywood	mystery, crime	Romance
Movie_544	2007	182	8.7	350276	287	1062	Kannada	Kollywood	gangster, violence	Thriller
Movie_545	2008	168	6.9	161690	209	1083	Kannada	Mollywood	revenge, action	Action
Movie_546	2010	107	5.7	236530	255	409	Malayalam	Mollywood	friendship, college	Romance
Movie_547	2023	131	7.5	207471	215	921	Telugu	Bollywood	gangster, violence	Romance
Movie_548	2023	126	5.5	318309	53	1904	Telugu	Sandalwood	family, emotional	Romance
Movie_549	2010	137	9	477654	274	137	Telugu	Bollywood	sports, youth	Romance
Movie_550	2015	152	8.6	382944	274	1555	Hindi	Tollywood	mythology, epic	Comedy
Movie_551	2006	137	8.1	132915	223	1689	Hindi	Mollywood	horror, dark	Action
Movie_552	2022	160	7.9	353396	53	20	Hindi	Bollywood	friendship, college	Drama
Movie_553	2011	111	6	47635	191	64	Telugu	Tollywood	horror, dark	Comedy
Movie_554	2001	185	5.2	484787	132	1129	Kannada	Mollywood	friendship, college	Drama
Movie_555	2019	100	5.5	263828	42	1286	Kannada	Tollywood	love, drama	Drama
Movie_556	2017	182	7.1	243965	138	773	Kannada	Kollywood	mythology, epic	Thriller
Movie_557	2016	148	8.6	86391	210	485	Malayalam	Sandalwood	mystery, crime	Comedy
Movie_558	2017	105	6.2	327688	170	572	Tamil	Sandalwood	friendship, college	Drama
Movie_559	2004	178	6.5	205032	93	1744	Hindi	Bollywood	comedy, fun	Drama
Movie_560	2017	131	7	299634	281	834	Kannada	Kollywood	horror, dark	Comedy
Movie_561	2009	107	5.8	272388	86	588	Malayalam	Sandalwood	mystery, crime	Drama
Movie_562	2020	157	8.8	225954	227	1612	Kannada	Tollywood	gangster, violence	Romance
Movie_563	2010	115	6.7	412670	244	387	Kannada	Sandalwood	comedy, fun	Action
Movie_564	2022	98	6.2	285748	218	369	Kannada	Bollywood	family, emotional	Comedy
Movie_565	2012	161	6.4	89868	233	1941	Tamil	Sandalwood	friendship, college	Comedy
Movie_566	2010	145	8.8	91463	154	1198	Hindi	Tollywood	love, drama	Action
Movie_567	2008	176	5.1	271947	119	412	Hindi	Mollywood	friendship, college	Romance
Movie_568	2007	113	8.6	113304	154	1568	Tamil	Mollywood	family, emotional	Comedy
Movie_569	2004	108	8.3	116901	180	390	Malayalam	Tollywood	mystery, crime	Romance
Movie_570	2012	148	9	137268	255	1010	Tamil	Tollywood	friendship, college	Action
Movie_571	2023	140	6	387584	10	748	Tamil	Tollywood	comedy, fun	Drama
Movie_572	2010	96	7.8	409129	72	332	Kannada	Sandalwood	gangster, violence	Drama
Movie_573	2016	180	6.2	342471	247	379	Kannada	Kollywood	family, emotional	Romance
Movie_574	2020	173	6.8	167431	163	1516	Telugu	Bollywood	mythology, epic	Comedy
Movie_575	2010	95	8.9	232346	108	42	Kannada	Tollywood	sports, youth	Comedy
Movie_576	2018	135	7.4	153356	151	1481	Malayalam	Mollywood	mystery, crime	Romance
Movie_577	2006	182	6	423566	110	48	Hindi	Bollywood	family, emotional	Action
Movie_578	2012	98	5.2	318638	169	1051	Hindi	Sandalwood	friendship, college	Romance
Movie_579	2018	141	5.2	376509	13	1253	Hindi	Sandalwood	family, emotional	Comedy
Movie_580	2010	100	8	484695	150	865	Tamil	Bollywood	sports, youth	Thriller
Movie_581	2017	175	6.2	335386	251	1085	Tamil	Bollywood	revenge, action	Drama
Movie_582	2021	113	7.9	47342	265	651	Telugu	Tollywood	friendship, college	Action
Movie_583	2006	100	7.9	492880	293	361	Hindi	Sandalwood	mystery, crime	Action
Movie_584	2010	129	6.2	322388	20	1666	Telugu	Kollywood	family, emotional	Drama
Movie_585	2008	125	7.6	141684	275	1578	Tamil	Mollywood	sports, youth	Romance
Movie_586	2019	121	7.6	274126	218	542	Hindi	Tollywood	gangster, violence	Action
Movie_587	2021	185	8.7	261260	18	1412	Hindi	Bollywood	revenge, action	Comedy
Movie_588	2020	117	6.8	384166	266	1327	Telugu	Mollywood	horror, dark	Romance
Movie_589	2007	160	7.3	109121	65	1851	Telugu	Tollywood	mythology, epic	Thriller
Movie_590	2018	157	7.9	149729	214	1701	Telugu	Tollywood	mystery, crime	Action
Movie_591	2014	130	5.7	57573	34	36	Tamil	Kollywood	love, drama	Romance
Movie_592	2013	177	7.6	385764	8	1522	Hindi	Mollywood	comedy, fun	Action
Movie_593	2009	127	7.7	114067	7	476	Tamil	Mollywood	friendship, college	Romance
Movie_594	2006	164	7	187658	250	684	Telugu	Sandalwood	sports, youth	Comedy
Movie_595	2010	136	7.3	120995	274	864	Kannada	Sandalwood	love, drama	Thriller
Movie_596	2017	183	6.7	388993	210	414	Tamil	Bollywood	friendship, college	Comedy
Movie_597	2014	165	7.2	367899	261	1648	Malayalam	Tollywood	mystery, crime	Thriller
Movie_598	2016	165	5.2	407071	35	840	Kannada	Sandalwood	horror, dark	Comedy
Movie_599	2013	154	8.2	166909	43	1447	Kannada	Mollywood	mythology, epic	Comedy
Movie_600	2019	103	5	258166	80	1343	Kannada	Kollywood	love, drama	Romance
Movie_601	2021	101	5.5	267573	242	1394	Kannada	Sandalwood	revenge, action	Drama
Movie_602	2003	146	8.8	219675	69	1124	Tamil	Kollywood	gangster, violence	Romance
Movie_603	2009	98	6.6	485835	263	1161	Hindi	Kollywood	mythology, epic	Action
Movie_604	2003	107	5.5	491232	109	1359	Telugu	Kollywood	love, drama	Comedy
Movie_605	2015	166	7.3	189105	140	1650	Hindi	Bollywood	family, emotional	Thriller
Movie_606	2017	110	6.8	288875	36	76	Telugu	Tollywood	sports, youth	Comedy
Movie_607	2021	184	5.6	344204	277	1178	Telugu	Bollywood	family, emotional	Thriller
Movie_608	2013	100	7	266120	260	406	Kannada	Tollywood	love, drama	Romance
Movie_609	2006	102	7.3	441602	60	173	Hindi	Bollywood	revenge, action	Thriller
Movie_610	2014	186	7.5	363876	8	544	Kannada	Sandalwood	mythology, epic	Action
Movie_611	2010	106	5.5	306358	26	465	Kannada	Sandalwood	gangster, violence	Thriller
Movie_612	2010	180	6.1	487873	240	729	Malayalam	Kollywood	mystery, crime	Comedy
Movie_613	2023	139	8.9	182664	157	1065	Malayalam	Kollywood	comedy, fun	Romance
Movie_614	2019	154	8.3	111777	16	992	Tamil	Sandalwood	friendship, college	Drama
Movie_615	2014	103	8.2	119334	47	126	Telugu	Tollywood	gangster, violence	Action
Movie_616	2010	150	7.8	477158	228	731	Tamil	Tollywood	love, drama	Thriller
Movie_617	2008	153	8	32596	182	1248	Malayalam	Mollywood	horror, dark	Drama
Movie_618	2008	138	6.4	398610	79	211	Malayalam	Kollywood	friendship, college	Comedy
Movie_619	2016	157	5	360736	21	1801	Kannada	Bollywood	family, emotional	Thriller
Movie_620	2017	111	8.2	380640	116	1245	Tamil	Sandalwood	family, emotional	Action
Movie_621	2014	131	5.9	293844	207	1970	Kannada	Tollywood	mystery, crime	Thriller
Movie_622	2010	140	7.6	102665	293	970	Hindi	Bollywood	mystery, crime	Comedy
Movie_623	2014	151	8.2	426356	235	1849	Hindi	Kollywood	friendship, college	Thriller
Movie_624	2007	134	8.7	317899	114	556	Kannada	Kollywood	comedy, fun	Romance
Movie_625	2016	125	7.3	323923	13	1888	Kannada	Mollywood	mystery, crime	Romance
Movie_626	2005	186	5.7	252220	298	1207	Kannada	Sandalwood	mythology, epic	Comedy
Movie_627	2000	189	8.8	194213	72	397	Telugu	Kollywood	sports, youth	Action
Movie_628	2011	148	6.4	169780	60	1957	Tamil	Kollywood	friendship, college	Comedy
Movie_629	2011	156	6.3	150719	38	964	Tamil	Sandalwood	gangster, violence	Drama
Movie_630	2023	153	6.3	309257	41	1086	Telugu	Sandalwood	mystery, crime	Thriller
Movie_631	2007	150	7.7	124245	34	474	Hindi	Mollywood	gangster, violence	Drama
Movie_632	2005	91	5.9	296357	111	1012	Hindi	Bollywood	mystery, crime	Romance
Movie_633	2004	130	8.3	173081	41	161	Tamil	Tollywood	revenge, action	Thriller
Movie_634	2001	180	6.2	415049	256	1424	Hindi	Tollywood	revenge, action	Romance
Movie_635	2020	177	8.9	416302	49	1408	Tamil	Bollywood	gangster, violence	Comedy
Movie_636	2014	147	7.7	495250	47	969	Telugu	Sandalwood	sports, youth	Action
Movie_637	2016	174	7.5	338883	299	1460	Tamil	Sandalwood	love, drama	Comedy
Movie_638	2003	140	6.7	230224	162	1782	Tamil	Kollywood	gangster, violence	Thriller
Movie_639	2000	185	8.5	486099	118	1866	Telugu	Bollywood	mystery, crime	Thriller
Movie_640	2000	106	7.1	198037	61	1207	Tamil	Mollywood	comedy, fun	Thriller
Movie_641	2021	141	5.1	240655	80	1111	Kannada	Tollywood	mythology, epic	Thriller
Movie_642	2008	162	8.4	302213	256	1318	Malayalam	Tollywood	gangster, violence	Romance
Movie_643	2008	163	5.6	178466	158	1519	Kannada	Sandalwood	sports, youth	Comedy
Movie_644	2011	106	6.2	37532	162	250	Malayalam	Tollywood	mythology, epic	Romance
Movie_645	2017	90	7.2	180443	283	1978	Malayalam	Mollywood	mystery, crime	Thriller
Movie_646	2011	164	6.9	246855	109	923	Malayalam	Sandalwood	sports, youth	Thriller
Movie_647	2015	94	8.1	493822	124	492	Malayalam	Tollywood	comedy, fun	Drama
Movie_648	2016	93	7.6	429270	177	686	Malayalam	Kollywood	family, emotional	Comedy
Movie_649	2005	156	7.2	136492	196	1675	Kannada	Sandalwood	comedy, fun	Comedy
Movie_650	2023	118	5.7	157705	286	1113	Telugu	Sandalwood	love, drama	Drama
Movie_651	2018	100	6.9	448394	204	859	Telugu	Sandalwood	love, drama	Action
Movie_652	2012	91	6.3	150274	292	1616	Tamil	Tollywood	love, drama	Thriller
Movie_653	2002	173	5.3	293784	264	1924	Kannada	Kollywood	gangster, violence	Comedy
Movie_654	2006	178	6.8	247200	114	649	Hindi	Mollywood	mystery, crime	Romance
Movie_655	2019	102	8.2	329919	78	846	Kannada	Bollywood	sports, youth	Romance
Movie_656	2002	95	7	151954	17	64	Hindi	Mollywood	mythology, epic	Thriller
Movie_657	2005	109	8.9	121207	140	427	Telugu	Sandalwood	family, emotional	Drama
Movie_658	2010	122	7.3	423518	80	1058	Malayalam	Bollywood	horror, dark	Comedy
Movie_659	2011	181	5.5	329303	283	249	Tamil	Tollywood	friendship, college	Romance
Movie_660	2001	176	5.6	314166	63	1980	Tamil	Tollywood	horror, dark	Romance
Movie_661	2019	118	6.7	350851	120	1969	Malayalam	Bollywood	sports, youth	Thriller
Movie_662	2011	108	8.8	103595	31	631	Telugu	Bollywood	mystery, crime	Comedy
Movie_663	2015	181	6.3	257065	137	1386	Kannada	Mollywood	family, emotional	Comedy
Movie_664	2009	153	7.1	149173	113	1547	Tamil	Mollywood	revenge, action	Drama
Movie_665	2018	108	5.3	202211	194	545	Kannada	Tollywood	friendship, college	Action
Movie_666	2009	145	5.1	268752	47	1888	Hindi	Kollywood	mystery, crime	Action
Movie_667	2007	186	6.8	162747	287	1230	Kannada	Sandalwood	sports, youth	Drama
Movie_668	2011	185	8.6	381822	207	1566	Malayalam	Kollywood	sports, youth	Action
Movie_669	2004	115	8.2	249830	277	1979	Hindi	Bollywood	family, emotional	Thriller
Movie_670	2007	171	8	407338	232	1376	Malayalam	Sandalwood	revenge, action	Romance
Movie_671	2017	134	5.8	360836	227	1609	Hindi	Sandalwood	friendship, college	Thriller
Movie_672	2018	93	5.5	228494	68	477	Tamil	Tollywood	mythology, epic	Comedy
Movie_673	2007	98	5.4	122994	24	796	Telugu	Tollywood	revenge, action	Thriller
Movie_674	2005	109	5.4	331412	119	73	Hindi	Mollywood	sports, youth	Comedy
Movie_675	2002	102	9	334178	7	347	Hindi	Tollywood	gangster, violence	Action
Movie_676	2019	99	6.7	236309	199	152	Tamil	Bollywood	sports, youth	Action
Movie_677	2019	121	8.1	314541	148	913	Telugu	Sandalwood	mythology, epic	Thriller
Movie_678	2000	102	7.3	183669	132	792	Telugu	Sandalwood	mystery, crime	Comedy
Movie_679	2010	180	7.6	59375	105	1306	Kannada	Kollywood	love, drama	Action
Movie_680	2014	114	5.6	325301	119	1602	Kannada	Tollywood	friendship, college	Action
Movie_681	2011	145	7	73131	19	1318	Telugu	Sandalwood	love, drama	Comedy
Movie_682	2014	124	6.2	81717	270	137	Tamil	Tollywood	mystery, crime	Comedy
Movie_683	2010	131	5.9	337822	118	481	Telugu	Bollywood	sports, youth	Drama
Movie_684	2006	122	5.5	141663	210	831	Hindi	Mollywood	family, emotional	Romance
Movie_685	2009	106	8.4	95583	58	312	Telugu	Bollywood	love, drama	Comedy
Movie_686	2014	121	5.6	443332	91	1534	Hindi	Tollywood	gangster, violence	Drama
Movie_687	2013	125	5.3	355413	203	1198	Telugu	Tollywood	sports, youth	Thriller
Movie_688	2021	178	6.3	289663	78	1876	Tamil	Bollywood	family, emotional	Drama
Movie_689	2004	96	8.5	333986	31	1792	Hindi	Kollywood	love, drama	Comedy
Movie_690	2007	139	7.4	459688	160	1708	Tamil	Tollywood	friendship, college	Drama
Movie_691	2021	108	7.5	297676	262	1665	Telugu	Sandalwood	love, drama	Comedy
Movie_692	2002	101	6.1	442969	267	885	Hindi	Kollywood	revenge, action	Drama
Movie_693	2000	170	6.7	314321	71	759	Tamil	Sandalwood	horror, dark	Action
Movie_694	2019	127	8.9	112190	219	155	Hindi	Tollywood	horror, dark	Drama
Movie_695	2003	124	8.7	380877	209	359	Kannada	Bollywood	mythology, epic	Romance
Movie_696	2010	127	5	117397	233	1468	Hindi	Tollywood	comedy, fun	Action
Movie_697	2012	92	8.6	296428	86	101	Telugu	Bollywood	sports, youth	Thriller
Movie_698	2011	166	7.8	156218	143	1901	Telugu	Bollywood	friendship, college	Drama
Movie_699	2009	155	5.4	436309	106	1016	Malayalam	Mollywood	horror, dark	Romance
Movie_700	2019	91	5.6	368171	117	799	Telugu	Mollywood	family, emotional	Thriller
Movie_701	2010	98	7.1	332484	122	1781	Kannada	Sandalwood	sports, youth	Comedy
Movie_702	2009	139	7.6	222166	258	1533	Malayalam	Bollywood	love, drama	Comedy
Movie_703	2018	134	8.5	186097	247	1798	Kannada	Mollywood	sports, youth	Romance
Movie_704	2003	107	6.4	410086	218	721	Hindi	Tollywood	mythology, epic	Comedy
Movie_705	2001	188	7.4	231628	171	1661	Tamil	Kollywood	mystery, crime	Drama
Movie_706	2020	113	5.6	449213	260	800	Telugu	Bollywood	sports, youth	Thriller
Movie_707	2000	97	5.4	55032	275	785	Kannada	Bollywood	gangster, violence	Action
Movie_708	2014	146	8.6	437150	292	914	Hindi	Bollywood	sports, youth	Comedy
Movie_709	2002	137	5.9	438136	48	1722	Hindi	Tollywood	mystery, crime	Drama
Movie_710	2009	148	5.8	460374	7	102	Kannada	Mollywood	revenge, action	Drama
Movie_711	2008	180	5.8	448459	119	485	Tamil	Sandalwood	revenge, action	Drama
Movie_712	2003	143	5	427675	92	1007	Telugu	Tollywood	sports, youth	Action
Movie_713	2021	90	5.6	464584	184	1314	Tamil	Mollywood	mythology, epic	Romance
Movie_714	2008	167	5	207223	22	383	Hindi	Tollywood	gangster, violence	Comedy
Movie_715	2017	165	8.5	356221	246	1401	Malayalam	Tollywood	friendship, college	Action
Movie_716	2007	159	6.8	338526	274	560	Telugu	Tollywood	revenge, action	Action
Movie_717	2018	136	8	499927	43	821	Malayalam	Bollywood	sports, youth	Thriller
Movie_718	2004	176	6.4	345660	205	100	Telugu	Sandalwood	sports, youth	Romance
Movie_719	2013	147	8.8	65253	122	779	Hindi	Mollywood	horror, dark	Action
Movie_720	2000	154	6.9	223007	102	1324	Kannada	Mollywood	revenge, action	Comedy
Movie_721	2005	166	6.7	62010	274	1568	Malayalam	Bollywood	sports, youth	Drama
Movie_722	2007	116	7.2	421453	113	931	Hindi	Sandalwood	comedy, fun	Thriller
Movie_723	2013	131	5	257474	40	1192	Hindi	Mollywood	mystery, crime	Romance
Movie_724	2018	149	8.5	147466	138	1451	Tamil	Sandalwood	sports, youth	Comedy
Movie_725	2006	123	7.7	131463	257	265	Malayalam	Sandalwood	gangster, violence	Thriller
Movie_726	2020	132	6.5	484875	137	1969	Kannada	Mollywood	revenge, action	Romance
Movie_727	2016	133	5.1	405885	204	422	Malayalam	Bollywood	family, emotional	Thriller
Movie_728	2018	153	5.7	408686	117	1994	Kannada	Sandalwood	gangster, violence	Thriller
Movie_729	2023	104	5.3	68009	27	420	Malayalam	Tollywood	sports, youth	Comedy
Movie_730	2016	154	8.9	129454	129	1653	Malayalam	Bollywood	friendship, college	Romance
Movie_731	2014	106	5.9	482067	28	1212	Kannada	Sandalwood	love, drama	Action
Movie_732	2017	145	8.2	415268	73	839	Tamil	Bollywood	revenge, action	Romance
Movie_733	2005	115	7.7	331694	261	406	Tamil	Kollywood	mythology, epic	Thriller
Movie_734	2011	132	6.6	318092	87	183	Malayalam	Tollywood	sports, youth	Comedy
Movie_735	2008	153	6.9	170049	113	1344	Kannada	Tollywood	mythology, epic	Comedy
Movie_736	2001	115	6.9	325224	52	1736	Telugu	Mollywood	horror, dark	Thriller
Movie_737	2000	143	5.2	119371	90	229	Tamil	Bollywood	revenge, action	Drama
Movie_738	2018	155	6	254254	59	1697	Telugu	Bollywood	comedy, fun	Drama
Movie_739	2001	167	6.7	38550	33	1255	Telugu	Bollywood	comedy, fun	Action
Movie_740	2005	153	7.4	233553	246	244	Telugu	Bollywood	love, drama	Action
Movie_741	2011	115	6.3	41151	155	1702	Kannada	Kollywood	friendship, college	Thriller
Movie_742	2010	139	5.4	152705	30	1249	Malayalam	Kollywood	comedy, fun	Thriller
Movie_743	2008	171	7.8	351373	153	1316	Telugu	Sandalwood	love, drama	Thriller
Movie_744	2017	171	8.5	139896	192	867	Telugu	Kollywood	horror, dark	Comedy
Movie_745	2005	97	7.4	326147	240	1681	Telugu	Tollywood	mystery, crime	Comedy
Movie_746	2004	127	8.5	109538	86	1216	Tamil	Mollywood	friendship, college	Drama
Movie_747	2002	132	7.1	38291	275	453	Kannada	Bollywood	horror, dark	Comedy
Movie_748	2001	172	6	32444	222	435	Malayalam	Bollywood	love, drama	Drama
Movie_749	2006	168	6.1	292132	232	294	Kannada	Bollywood	love, drama	Action
Movie_750	2023	171	7.1	174728	113	426	Malayalam	Tollywood	revenge, action	Action
Movie_751	2005	107	6.6	318443	9	1673	Malayalam	Tollywood	love, drama	Comedy
Movie_752	2012	110	5.7	26283	271	396	Telugu	Mollywood	sports, youth	Drama
Movie_753	2012	95	6.5	495615	256	849	Telugu	Bollywood	mythology, epic	Thriller
Movie_754	2003	175	6.9	263657	222	380	Hindi	Bollywood	horror, dark	Thriller
Movie_755	2019	185	5	325112	184	120	Hindi	Sandalwood	mystery, crime	Drama
Movie_756	2019	96	7.1	436894	214	1996	Telugu	Tollywood	friendship, college	Romance
Movie_757	2021	169	8.9	276950	7	1491	Kannada	Sandalwood	sports, youth	Comedy
Movie_758	2004	184	7.9	482331	22	1823	Telugu	Tollywood	sports, youth	Comedy
Movie_759	2023	122	7.8	432504	53	1315	Telugu	Tollywood	horror, dark	Action
Movie_760	2015	100	8.6	192222	25	1075	Tamil	Sandalwood	family, emotional	Romance
Movie_761	2002	137	7.5	363036	96	1518	Malayalam	Kollywood	comedy, fun	Comedy
Movie_762	2006	158	8.8	112317	125	1717	Kannada	Tollywood	friendship, college	Drama
Movie_763	2001	118	8.4	259681	9	1918	Malayalam	Tollywood	friendship, college	Romance
Movie_764	2021	133	6.1	54002	35	436	Telugu	Mollywood	comedy, fun	Drama
Movie_765	2020	156	5.1	429902	131	755	Tamil	Mollywood	sports, youth	Comedy
Movie_766	2012	143	5.3	159315	177	1621	Kannada	Bollywood	sports, youth	Thriller
Movie_767	2008	162	8.8	434799	264	465	Kannada	Kollywood	family, emotional	Romance
Movie_768	2018	105	7.4	337632	47	1882	Kannada	Sandalwood	family, emotional	Action
Movie_769	2011	105	6.2	74832	142	1704	Hindi	Sandalwood	gangster, violence	Drama
Movie_770	2006	183	5.9	28125	273	366	Telugu	Mollywood	mystery, crime	Romance
Movie_771	2020	116	5.6	163332	9	1270	Tamil	Bollywood	gangster, violence	Romance
Movie_772	2010	128	7.3	113064	116	1117	Malayalam	Kollywood	revenge, action	Comedy
Movie_773	2016	187	5.4	286695	200	1999	Kannada	Tollywood	mystery, crime	Drama
Movie_774	2017	129	5.6	305180	6	1628	Kannada	Tollywood	family, emotional	Action
Movie_775	2023	97	5.2	137318	131	1749	Tamil	Sandalwood	horror, dark	Thriller
Movie_776	2017	171	7.1	359059	183	205	Hindi	Sandalwood	gangster, violence	Comedy
Movie_777	2014	186	8.8	494113	282	1079	Hindi	Sandalwood	gangster, violence	Action
Movie_778	2009	173	6.1	334629	111	322	Telugu	Bollywood	mystery, crime	Thriller
Movie_779	2003	169	7.9	352587	236	201	Tamil	Tollywood	love, drama	Comedy
Movie_780	2006	106	5.1	487273	159	1867	Hindi	Tollywood	mystery, crime	Romance
Movie_781	2014	114	8	165756	72	333	Hindi	Bollywood	mythology, epic	Drama
Movie_782	2005	126	8.8	463591	296	87	Tamil	Sandalwood	gangster, violence	Action
Movie_783	2020	141	5.6	165258	86	1106	Tamil	Bollywood	love, drama	Romance
Movie_784	2019	140	8.2	459243	17	1935	Telugu	Mollywood	gangster, violence	Action
Movie_785	2002	92	5.9	27187	144	1083	Hindi	Kollywood	revenge, action	Romance
Movie_786	2009	131	5.3	72215	26	848	Tamil	Sandalwood	sports, youth	Action
Movie_787	2007	109	6.3	372232	139	156	Tamil	Tollywood	sports, youth	Romance
Movie_788	2016	156	7.1	390922	214	1024	Malayalam	Mollywood	family, emotional	Comedy
Movie_789	2019	168	6.5	133616	236	1352	Tamil	Tollywood	love, drama	Drama
Movie_790	2005	109	6.6	428931	154	331	Kannada	Tollywood	family, emotional	Comedy
Movie_791	2005	178	6.4	303986	176	1047	Malayalam	Mollywood	sports, youth	Action
Movie_792	2007	138	9	104434	47	1399	Tamil	Kollywood	revenge, action	Drama
Movie_793	2016	90	8.8	240151	36	1902	Tamil	Bollywood	love, drama	Romance
Movie_794	2016	158	8.1	348023	101	1147	Telugu	Mollywood	friendship, college	Romance
Movie_795	2022	99	6.3	274986	294	233	Tamil	Bollywood	family, emotional	Drama
Movie_796	2010	117	5.8	406606	52	1048	Hindi	Tollywood	sports, youth	Romance
Movie_797	2015	101	5.8	96729	212	1001	Malayalam	Tollywood	family, emotional	Thriller
Movie_798	2016	170	8.7	279360	161	323	Hindi	Bollywood	revenge, action	Thriller
Movie_799	2001	96	6	287926	194	1771	Malayalam	Bollywood	mystery, crime	Drama
Movie_800	2008	144	5.6	225547	52	631	Hindi	Kollywood	sports, youth	Action
Movie_801	2017	125	6.6	208936	229	608	Kannada	Tollywood	friendship, college	Action
Movie_802	2005	160	7.4	187205	155	84	Hindi	Bollywood	sports, youth	Action
Movie_803	2018	118	7.2	392585	47	1593	Hindi	Tollywood	comedy, fun	Comedy
Movie_804	2003	158	7.8	211677	154	225	Telugu	Kollywood	horror, dark	Action
Movie_805	2023	119	8.9	281971	22	860	Tamil	Bollywood	horror, dark	Action
Movie_806	2016	108	8	247217	142	551	Telugu	Sandalwood	horror, dark	Romance
Movie_807	2023	135	8	155956	253	528	Kannada	Tollywood	family, emotional	Romance
Movie_808	2015	92	6	171054	76	42	Tamil	Sandalwood	friendship, college	Romance
Movie_809	2016	173	7	336482	53	1289	Telugu	Bollywood	comedy, fun	Romance
Movie_810	2010	108	6.4	319714	97	302	Kannada	Mollywood	love, drama	Action
Movie_811	2005	145	7.6	379631	205	115	Tamil	Mollywood	family, emotional	Drama
Movie_812	2006	134	7	375076	154	1844	Malayalam	Sandalwood	sports, youth	Thriller
Movie_813	2003	135	6.4	331967	133	61	Hindi	Mollywood	love, drama	Comedy
Movie_814	2013	92	7.4	35433	77	159	Kannada	Mollywood	revenge, action	Romance
Movie_815	2016	91	5.1	443059	219	1127	Hindi	Kollywood	mystery, crime	Romance
Movie_816	2000	121	5.3	126183	121	909	Tamil	Kollywood	family, emotional	Comedy
Movie_817	2021	153	6.5	254337	127	38	Telugu	Sandalwood	family, emotional	Drama
Movie_818	2021	93	7.3	145738	52	210	Hindi	Bollywood	comedy, fun	Romance
Movie_819	2020	172	8.9	282803	179	372	Malayalam	Bollywood	love, drama	Action
Movie_820	2023	144	5.5	345159	44	1353	Tamil	Mollywood	family, emotional	Thriller
Movie_821	2000	121	8.5	220494	118	1048	Malayalam	Sandalwood	love, drama	Thriller
Movie_822	2005	114	7.5	136360	62	359	Tamil	Bollywood	gangster, violence	Drama
Movie_823	2004	138	8.6	437211	197	1858	Malayalam	Mollywood	love, drama	Romance
Movie_824	2008	92	7.8	36904	107	1292	Tamil	Sandalwood	revenge, action	Thriller
Movie_825	2003	115	6.3	141811	34	106	Kannada	Tollywood	sports, youth	Comedy
Movie_826	2023	179	8.4	156657	68	619	Malayalam	Sandalwood	love, drama	Thriller
Movie_827	2006	118	8.5	208531	247	422	Kannada	Bollywood	love, drama	Drama
Movie_828	2021	167	8	399284	143	1928	Telugu	Mollywood	comedy, fun	Comedy
Movie_829	2010	121	7.4	134215	66	1203	Tamil	Bollywood	family, emotional	Comedy
Movie_830	2011	107	8.2	209371	167	574	Tamil	Tollywood	comedy, fun	Romance
Movie_831	2015	144	6.8	94789	132	1895	Tamil	Kollywood	horror, dark	Thriller
Movie_832	2018	149	7.4	180491	118	714	Malayalam	Bollywood	gangster, violence	Comedy
Movie_833	2016	158	6.7	54951	48	383	Malayalam	Kollywood	gangster, violence	Romance
Movie_834	2008	101	8.2	324142	201	791	Telugu	Tollywood	revenge, action	Drama
Movie_835	2005	95	6.5	294885	148	879	Malayalam	Tollywood	love, drama	Thriller
Movie_836	2000	131	6.8	70612	106	1706	Telugu	Bollywood	family, emotional	Romance
Movie_837	2002	137	5.1	446464	48	948	Tamil	Tollywood	love, drama	Romance
Movie_838	2012	131	5.9	383792	297	1660	Telugu	Mollywood	revenge, action	Action
Movie_839	2020	118	7.6	413868	291	804	Telugu	Bollywood	horror, dark	Drama
Movie_840	2005	176	5.3	431591	280	835	Kannada	Tollywood	love, drama	Drama
Movie_841	2004	124	8	130737	248	1233	Telugu	Kollywood	mythology, epic	Comedy
Movie_842	2005	104	8.3	183801	259	292	Telugu	Sandalwood	comedy, fun	Thriller
Movie_843	2022	168	6.2	241135	52	1417	Tamil	Tollywood	mythology, epic	Drama
Movie_844	2014	120	8.7	230800	222	978	Hindi	Kollywood	comedy, fun	Drama
Movie_845	2010	98	5.6	111748	44	1683	Malayalam	Mollywood	sports, youth	Action
Movie_846	2005	135	8.7	245956	217	1981	Kannada	Tollywood	comedy, fun	Romance
Movie_847	2015	158	8.4	21159	244	241	Telugu	Kollywood	revenge, action	Thriller
Movie_848	2000	98	7.6	284504	168	62	Malayalam	Kollywood	comedy, fun	Comedy
Movie_849	2000	136	7.1	480427	161	787	Hindi	Sandalwood	comedy, fun	Action
Movie_850	2023	178	7.8	28545	19	887	Kannada	Mollywood	revenge, action	Romance
Movie_851	2000	156	7.2	255190	34	343	Telugu	Tollywood	friendship, college	Drama
Movie_852	2013	103	8.8	119273	10	1293	Kannada	Sandalwood	sports, youth	Romance
Movie_853	2009	187	7.9	113940	112	279	Hindi	Mollywood	comedy, fun	Comedy
Movie_854	2019	182	5.1	207079	147	255	Malayalam	Tollywood	mystery, crime	Thriller
Movie_855	2021	166	8.3	487545	286	644	Tamil	Bollywood	sports, youth	Thriller
Movie_856	2005	143	7.3	412323	256	1657	Malayalam	Sandalwood	revenge, action	Drama
Movie_857	2003	95	5.2	100766	260	870	Hindi	Kollywood	sports, youth	Thriller
Movie_858	2005	96	8.1	210937	131	1949	Telugu	Mollywood	sports, youth	Action
Movie_859	2011	125	8.7	48598	239	384	Kannada	Mollywood	gangster, violence	Comedy
Movie_860	2009	153	6.6	477902	86	776	Malayalam	Tollywood	friendship, college	Drama
Movie_861	2005	94	7.6	101244	102	247	Telugu	Sandalwood	comedy, fun	Thriller
Movie_862	2004	127	8.1	284018	186	1113	Tamil	Mollywood	revenge, action	Action
Movie_863	2011	121	6.1	56584	277	577	Telugu	Tollywood	comedy, fun	Romance
Movie_864	2009	163	6.4	188001	133	1479	Tamil	Sandalwood	sports, youth	Thriller
Movie_865	2001	168	7.1	495433	122	534	Telugu	Sandalwood	revenge, action	Thriller
Movie_866	2007	178	5	470421	136	1898	Malayalam	Bollywood	mystery, crime	Romance
Movie_867	2002	156	5.1	207975	257	1390	Telugu	Mollywood	sports, youth	Thriller
Movie_868	2003	159	8.9	437808	159	1804	Hindi	Tollywood	mystery, crime	Comedy
Movie_869	2000	156	6.6	361808	196	46	Hindi	Kollywood	friendship, college	Romance
Movie_870	2014	157	6.5	37194	69	197	Telugu	Mollywood	love, drama	Action
Movie_871	2015	172	5.4	48033	66	1708	Malayalam	Bollywood	mystery, crime	Romance
Movie_872	2011	118	7.5	488664	225	1606	Tamil	Sandalwood	horror, dark	Thriller
Movie_873	2005	119	6.8	461373	208	1320	Tamil	Kollywood	love, drama	Romance
Movie_874	2016	145	6.9	113806	18	567	Telugu	Tollywood	comedy, fun	Comedy
Movie_875	2006	118	8.2	260177	38	1111	Hindi	Mollywood	sports, youth	Comedy
Movie_876	2023	185	7.5	89307	126	187	Malayalam	Kollywood	sports, youth	Action
Movie_877	2004	142	8.5	192851	122	54	Malayalam	Kollywood	horror, dark	Action
Movie_878	2004	186	6.3	378101	205	1531	Malayalam	Kollywood	mythology, epic	Thriller
Movie_879	2019	133	8	361562	18	1174	Malayalam	Tollywood	love, drama	Comedy
Movie_880	2013	135	8.9	376744	84	1981	Telugu	Mollywood	friendship, college	Thriller
Movie_881	2005	96	8	132837	221	535	Malayalam	Bollywood	sports, youth	Comedy
Movie_882	2010	121	6.4	28182	138	1126	Tamil	Tollywood	revenge, action	Romance
Movie_883	2002	157	7.2	92296	6	1880	Hindi	Mollywood	family, emotional	Thriller
Movie_884	2002	163	6.1	209667	78	1964	Kannada	Tollywood	comedy, fun	Drama
Movie_885	2009	97	8.2	445345	209	1131	Tamil	Kollywood	mythology, epic	Comedy
Movie_886	2020	184	8.8	471056	132	1255	Telugu	Sandalwood	mythology, epic	Action
Movie_887	2000	116	6.4	108308	274	882	Tamil	Kollywood	mythology, epic	Comedy
Movie_888	2022	171	7.1	331498	246	1162	Tamil	Bollywood	sports, youth	Comedy
Movie_889	2002	180	6.2	263791	140	122	Telugu	Kollywood	family, emotional	Romance
Movie_890	2001	139	6.2	345962	239	428	Malayalam	Tollywood	sports, youth	Action
Movie_891	2015	130	6.7	261258	181	274	Malayalam	Kollywood	mystery, crime	Action
Movie_892	2009	139	5.4	335668	32	1296	Hindi	Mollywood	mystery, crime	Comedy
Movie_893	2023	119	8.6	121467	185	1706	Malayalam	Sandalwood	revenge, action	Comedy
Movie_894	2019	165	8.3	257937	251	493	Malayalam	Tollywood	revenge, action	Drama
Movie_895	2011	115	5.5	463305	6	1429	Kannada	Mollywood	love, drama	Thriller
Movie_896	2023	172	7.3	145824	45	659	Tamil	Sandalwood	mythology, epic	Thriller
Movie_897	2015	143	7.7	177564	296	820	Telugu	Kollywood	mythology, epic	Action
Movie_898	2005	139	5.4	212560	113	690	Malayalam	Kollywood	revenge, action	Drama
Movie_899	2014	172	7.2	233556	193	1196	Hindi	Sandalwood	family, emotional	Romance
Movie_900	2017	142	7.9	309649	179	372	Telugu	Tollywood	family, emotional	Action
Movie_901	2017	100	6.1	63701	152	1132	Kannada	Tollywood	comedy, fun	Drama
Movie_902	2000	183	6.4	199627	71	35	Kannada	Tollywood	mythology, epic	Action
Movie_903	2016	95	5.8	481929	220	1872	Tamil	Sandalwood	mystery, crime	Romance
Movie_904	2012	187	5.8	415536	227	1934	Hindi	Mollywood	family, emotional	Action
Movie_905	2014	180	5.1	341400	146	1586	Malayalam	Kollywood	mythology, epic	Romance
Movie_906	2021	176	7.3	272395	221	1585	Malayalam	Sandalwood	horror, dark	Comedy
Movie_907	2022	133	8.4	352432	258	1405	Malayalam	Kollywood	sports, youth	Romance
Movie_908	2023	94	7	447955	113	472	Telugu	Kollywood	gangster, violence	Drama
Movie_909	2000	182	6.6	428598	192	521	Malayalam	Tollywood	comedy, fun	Romance
Movie_910	2011	143	7.3	263175	149	1978	Telugu	Mollywood	love, drama	Romance
Movie_911	2022	122	6.9	209300	166	1256	Kannada	Tollywood	mystery, crime	Romance
Movie_912	2014	115	5.1	447387	291	926	Telugu	Kollywood	revenge, action	Action
Movie_913	2012	135	6	181910	294	972	Hindi	Tollywood	love, drama	Action
Movie_914	2019	112	8.2	352951	49	510	Tamil	Bollywood	love, drama	Action
Movie_915	2008	170	8.1	254632	236	1131	Telugu	Sandalwood	horror, dark	Drama
Movie_916	2007	181	7.7	333428	113	1326	Malayalam	Sandalwood	mythology, epic	Drama
Movie_917	2003	174	5.2	457252	58	1178	Malayalam	Tollywood	gangster, violence	Comedy
Movie_918	2004	185	8.9	439213	227	1981	Hindi	Kollywood	love, drama	Romance
Movie_919	2007	127	8.8	283490	51	1076	Telugu	Mollywood	friendship, college	Comedy
Movie_920	2022	104	6.7	390042	46	374	Hindi	Kollywood	horror, dark	Comedy
Movie_921	2002	133	5.6	270706	33	1834	Malayalam	Kollywood	family, emotional	Comedy
Movie_922	2005	155	5.6	234779	97	867	Kannada	Bollywood	revenge, action	Action
Movie_923	2023	155	5.3	412620	84	1101	Hindi	Mollywood	revenge, action	Drama
Movie_924	2006	124	7	177549	244	1370	Tamil	Bollywood	sports, youth	Comedy
Movie_925	2022	96	5.7	253903	151	1327	Hindi	Kollywood	friendship, college	Comedy
Movie_926	2000	112	5.7	225808	37	27	Hindi	Sandalwood	family, emotional	Romance
Movie_927	2019	169	7	313123	242	991	Hindi	Mollywood	family, emotional	Thriller
Movie_928	2003	95	8.5	309248	107	1550	Telugu	Sandalwood	comedy, fun	Comedy
Movie_929	2009	160	8.5	481693	160	373	Hindi	Sandalwood	mythology, epic	Drama
Movie_930	2008	165	8.9	263117	263	1119	Hindi	Mollywood	revenge, action	Romance
Movie_931	2008	124	7.7	209109	69	655	Malayalam	Tollywood	mythology, epic	Thriller
Movie_932	2023	119	7.7	230090	191	542	Malayalam	Bollywood	friendship, college	Thriller
Movie_933	2016	97	6.9	214650	211	1239	Malayalam	Tollywood	revenge, action	Thriller
Movie_934	2000	168	5.2	188360	191	1975	Malayalam	Kollywood	mythology, epic	Comedy
Movie_935	2013	99	6	63189	9	1807	Telugu	Bollywood	mystery, crime	Thriller
Movie_936	2020	181	7.7	157623	291	442	Telugu	Sandalwood	revenge, action	Action
Movie_937	2012	162	5.5	448565	249	685	Telugu	Tollywood	gangster, violence	Thriller
Movie_938	2004	154	5.2	398166	163	820	Tamil	Sandalwood	horror, dark	Romance
Movie_939	2020	129	7.1	242159	154	530	Malayalam	Sandalwood	sports, youth	Romance
Movie_940	2002	145	5.9	152349	260	1324	Hindi	Sandalwood	horror, dark	Thriller
Movie_941	2004	110	6.9	363622	208	146	Tamil	Bollywood	horror, dark	Romance
Movie_942	2006	134	6.1	70375	109	18	Tamil	Sandalwood	mythology, epic	Comedy
Movie_943	2002	182	8.2	152907	138	168	Kannada	Kollywood	gangster, violence	Drama
Movie_944	2011	121	6.3	24588	8	83	Malayalam	Sandalwood	sports, youth	Drama
Movie_945	2015	103	8	258325	189	101	Malayalam	Mollywood	friendship, college	Drama
Movie_946	2013	161	6.6	25861	220	1565	Kannada	Tollywood	gangster, violence	Drama
Movie_947	2015	181	7.2	223957	14	1980	Tamil	Mollywood	love, drama	Romance
Movie_948	2004	156	8	248213	241	113	Hindi	Kollywood	gangster, violence	Comedy
Movie_949	2023	117	5.7	423633	102	1477	Malayalam	Mollywood	comedy, fun	Romance
Movie_950	2020	167	7.6	219890	84	986	Malayalam	Mollywood	love, drama	Drama
Movie_951	2013	103	7.8	82839	113	420	Tamil	Mollywood	sports, youth	Romance
Movie_952	2016	188	5.1	185493	100	1743	Hindi	Bollywood	love, drama	Thriller
Movie_953	2007	106	6.2	46347	158	741	Tamil	Bollywood	mythology, epic	Romance
Movie_954	2006	116	5.3	371306	37	303	Hindi	Kollywood	comedy, fun	Action
Movie_955	2002	132	6.9	258922	251	1922	Kannada	Sandalwood	love, drama	Action
Movie_956	2020	117	5.1	179525	56	1308	Hindi	Tollywood	revenge, action	Romance
Movie_957	2003	168	8.2	325938	28	1615	Malayalam	Sandalwood	mystery, crime	Thriller
Movie_958	2020	135	7.6	328830	122	1856	Hindi	Bollywood	gangster, violence	Action
Movie_959	2003	152	5.1	318762	215	1469	Hindi	Bollywood	comedy, fun	Romance
Movie_960	2015	172	8.3	47762	106	1199	Kannada	Mollywood	friendship, college	Thriller
Movie_961	2015	142	6.1	230757	159	1068	Kannada	Tollywood	horror, dark	Drama
Movie_962	2012	172	8.9	437455	165	1040	Tamil	Mollywood	friendship, college	Romance
Movie_963	2011	139	8.7	437222	251	1751	Hindi	Tollywood	horror, dark	Comedy
Movie_964	2020	103	8.8	188465	298	440	Hindi	Bollywood	comedy, fun	Romance
Movie_965	2010	133	7.2	67256	193	88	Tamil	Bollywood	revenge, action	Comedy
Movie_966	2010	147	6	162982	80	1017	Malayalam	Kollywood	sports, youth	Action
Movie_967	2003	108	7.9	39587	189	1409	Telugu	Bollywood	gangster, violence	Comedy
Movie_968	2019	184	7.1	479333	41	148	Malayalam	Bollywood	love, drama	Drama
Movie_969	2022	130	8.5	112946	289	1200	Malayalam	Kollywood	family, emotional	Drama
Movie_970	2016	111	5.7	89690	290	1111	Kannada	Mollywood	mystery, crime	Romance
Movie_971	2021	143	7.1	41154	287	184	Malayalam	Sandalwood	revenge, action	Romance
Movie_972	2012	109	8.6	68689	273	43	Kannada	Sandalwood	mythology, epic	Romance
Movie_973	2019	159	5.9	133489	290	879	Kannada	Tollywood	comedy, fun	Drama
Movie_974	2019	165	7.5	441517	134	1259	Kannada	Sandalwood	friendship, college	Action
Movie_975	2011	106	8.6	96110	102	593	Hindi	Sandalwood	revenge, action	Romance
Movie_976	2005	114	6.1	155810	159	966	Hindi	Bollywood	sports, youth	Drama
Movie_977	2019	110	6.5	436261	192	669	Malayalam	Bollywood	comedy, fun	Drama
Movie_978	2015	171	7.7	83977	143	744	Kannada	Sandalwood	comedy, fun	Drama
Movie_979	2016	96	5.1	454971	57	746	Malayalam	Kollywood	gangster, violence	Drama
Movie_980	2011	99	7.5	226010	14	14	Tamil	Mollywood	horror, dark	Drama
Movie_981	2012	130	8.2	401540	28	858	Tamil	Sandalwood	horror, dark	Romance
Movie_982	2005	187	5.7	474609	69	1874	Hindi	Tollywood	sports, youth	Comedy
Movie_983	2013	99	6.4	67232	24	1784	Tamil	Tollywood	sports, youth	Thriller
Movie_984	2014	145	6	338658	272	1909	Tamil	Kollywood	mystery, crime	Action
Movie_985	2018	141	5.8	167971	193	1312	Hindi	Kollywood	mystery, crime	Thriller
Movie_986	2000	132	8	294651	259	1544	Telugu	Mollywood	love, drama	Drama
Movie_987	2015	161	7.7	404802	164	340	Kannada	Bollywood	gangster, violence	Action
Movie_988	2023	111	6.2	102835	239	1423	Hindi	Tollywood	friendship, college	Action
Movie_989	2019	126	8.1	302996	226	1065	Telugu	Tollywood	friendship, college	Drama
Movie_990	2000	170	8.1	147637	245	375	Malayalam	Mollywood	mythology, epic	Romance
Movie_991	2023	169	8.8	382451	263	482	Telugu	Kollywood	mystery, crime	Comedy
Movie_992	2006	135	5.6	56175	85	318	Tamil	Mollywood	revenge, action	Action
Movie_993	2001	150	7.2	141378	142	1801	Hindi	Sandalwood	mystery, crime	Comedy
Movie_994	2016	98	8.3	24708	200	605	Tamil	Sandalwood	horror, dark	Romance
Movie_995	2002	152	6.8	297304	135	1860	Malayalam	Kollywood	mystery, crime	Comedy
Movie_996	2018	187	7.7	296747	80	605	Malayalam	Bollywood	family, emotional	Romance
Movie_997	2007	173	8.2	427574	6	1427	Telugu	Tollywood	friendship, college	Comedy
Movie_998	2021	93	8.8	493294	261	794	Tamil	Kollywood	mystery, crime	Thriller
Movie_999	2003	182	6.5	98613	170	27	Telugu	Tollywood	mythology, epic	Thriller
Movie_1000	2018	162	6.8	265443	37	660	Kannada	Sandalwood	family, emotional	Drama
